"","fecha","est3491","est6809","est4451","est4138","prec","presMax","presMin","racha","dir","velmedia","tmax","tmed","tmin","cont8"
"1",2015-01-01,"1868","916","0","0","0","957.8","953","3.9","21","0.8","10.4","4.7","-1","NA"
"2",2015-01-02,"2735","1364","0","0","0","959.9","956.9","3.9","4","0.6","12","5.5","-1","NA"
"3",2015-01-03,"2094","1099","0","0","0","959.4","957.3","3.6","4","0.3","11.4","6.3","1.2","NA"
"4",2015-01-04,"1947","1041","0","0","0","957.9","952.8","3.3","4","0.3","14","7.7","1.4","NA"
"5",2015-01-05,"2909","1476","0","0","0","952.8","948.8","5.3","4","1.4","12","6.8","1.5","87.7083333333333"
"6",2015-01-06,"2196","1060","0","0","0","950","946.9","3.1","8","0.8","9.8","5.3","0.8","NA"
"7",2015-01-07,"3224","1643","0","0","0","954.5","949.5","4.4","6","1.1","10.7","5.8","0.8","98.2916666666667"
"8",2015-01-08,"3168","1699","0","0","0","962.5","954.5","5.3","4","0.8","12.3","6.4","0.4","89.4166666666667"
"9",2015-01-09,"3354","1668","0","0","0","963.1","962.3","4.2","5","0.3","13.5","7.8","2","112.708333333333"
"10",2015-01-10,"2373","1205","0","0","0","962.8","953.5","3.3","27","0.8","12.6","7.2","1.7","97.2916666666667"
"11",2015-01-11,"2014","1069","0","0","0","954.7","952","5.8","2","0.8","13.7","8","2.4","NA"
"12",2015-01-12,"3399","1709","0","238","0","954.8","950.1","7.2","4","1.1","11.8","7.7","3.6","73.0833333333333"
"13",2015-01-13,"3422","1728","0","190","0","950.1","946","6.9","26","1.4","12.4","7.4","2.4","78.7916666666667"
"14",2015-01-14,"3463","1741","0","216","0","949.8","947.3","3.3","8","0.6","8.2","5.3","2.4","81.375"
"15",2015-01-15,"3488","1702","0","228","6.1","947.3","934.3","10.3","22","1.4","10.8","7.9","5","72.75"
"16",2015-01-16,"3554","1766","0","194","0","943","932.1","9.7","31","2.2","8","5.3","2.6","61.8333333333333"
"17",2015-01-17,"2405","1256","0","84","0","946.3","941.9","7.5","22","1.7","8.5","3.7","-1.1","57.5416666666667"
"18",2015-01-18,"1931","994","0","133","6.8","941.9","930","13.9","1","0.6","3.5","1.9","0.3","51.4166666666667"
"19",2015-01-19,"3358","1701","0","201","0","936.2","929.7","15.3","3","4.4","7.2","3.9","0.6","54.125"
"20",2015-01-20,"3192","1638","0","202","0","935.4","930.8","6.1","26","0.8","6.5","3.4","0.2","NA"
"21",2015-01-21,"3440","1725","0","224","0.4","933.8","932.1","11.1","29","1.7","5.6","3.2","0.8","72.4583333333333"
"22",2015-01-22,"3521","1736","0","219","0","942.2","932.9","11.9","32","2.5","8.4","5.1","1.8","67.7916666666667"
"23",2015-01-23,"3582","1764","0","187","0","947","942.2","8.6","2","2.8","9.8","5.1","0.4","NA"
"24",2015-01-24,"2402","1209","0","80","0","950","946.8","13.9","2","0","10.7","4.6","-1.4","NA"
"25",2015-01-25,"2085","1073","0","131","0","949.7","947.4","10.8","34","1.7","12.6","7.2","1.8","53.0833333333333"
"26",2015-01-26,"3398","1691","6","216","0","950.2","947.6","5","5","0.8","12.9","6.7","0.5","99.7916666666667"
"27",2015-01-27,"3446","1744","0","229","0","950.7","947.8","10.6","2","1.1","13.3","7.6","2","72.5"
"28",2015-01-28,"3527","1789","10","236","0","947.8","943.3","6.4","33","0.3","12.8","7","1.3","NA"
"29",2015-01-29,"3480","1810","0","240","Ip","943.3","931.4","12.2","25","2.8","12.2","8","3.9","NA"
"30",2015-01-30,"3509","1759","20","203","3.7","931.4","918.8","14.2","25","4.2","15.4","12.5","9.6","43.25"
"31",2015-01-31,"2408","1250","0","83","Ip","931.2","917.2","18.9","28","5.6","10.8","7.1","3.4","38.0833333333333"
"32",2015-02-01,"2142","1093","0","127","0","937.3","931","13.9","30","3.3","8","4.9","1.8","33.0833333333333"
"33",2015-02-02,"3271","1693","0","210","2.6","936.8","925.9","10","24","2.8","5.1","4.2","3.2","56.2916666666667"
"34",2015-02-03,"3422","1698","0","216","4.3","928.2","920.9","12.8","30","2.5","9.6","5.8","2","57.375"
"35",2015-02-04,"3530","1668","0","223","0","932.2","921","12.5","35","4.4","5.1","2.8","0.4","53.5833333333333"
"36",2015-02-05,"3517","1735","0","241","0","937.4","932.2","17.2","1","3.6","5.6","3.1","0.6","47.25"
"37",2015-02-06,"3547","1758","0","203","0","935.8","933.2","10","25","2.2","5.7","2.6","-0.4","55.1666666666667"
"38",2015-02-07,"2373","1197","0","86","0","944.2","935.4","7.8","5","1.4","3.4","1.2","-1","48.125"
"39",2015-02-08,"2103","1100","0","154","0","945.2","942.3","8.3","2","1.1","8.5","3.4","-1.7","43.9583333333333"
"40",2015-02-09,"3406","1749","0","215","0","946.6","942.7","11.4","2","2.8","10.4","5.5","0.6","38.3333333333333"
"41",2015-02-10,"3498","1723","0","229","0","946","943","6.4","8","1.9","9","5.9","2.8","52.3333333333333"
"42",2015-02-11,"3484","1717","0","228","0","943.2","941.2","5.6","4","1.7","8.6","6.6","4.5","64.5"
"43",2015-02-12,"3586","1786","0","258","0","944.2","940.2","5.6","4","1.4","11.6","7.9","4.2","64.0833333333333"
"44",2015-02-13,"3502","1741","0","219","0","944.5","941.5","10","25","2.8","12.2","7.4","2.7","66.9166666666667"
"45",2015-02-14,"2470","1171","0","86","4.3","942.5","936.6","11.7","26","3.1","12.3","9.5","6.7","37.7916666666667"
"46",2015-02-15,"2112","1039","0","143","0","940.1","933.8","10.3","31","2.8","14.8","10.8","6.7","32.4166666666667"
"47",2015-02-16,"3462","1692","10","218","6.9","942.1","940.1","11.7","2","1.1","13.1","9.6","6","NA"
"48",2015-02-17,"3423","1731","0","231","0","952.5","941.6","18.3","2","4.7","11.8","8.1","4.4","21.375"
"49",2015-02-18,"3491","1755","0","248","0","952.9","950.3","12.2","7","3.1","10.8","7.2","3.7","NA"
"50",2015-02-19,"3490","1761","0","253","0","952.9","948.8","5","13","1.1","12.6","7.6","2.6","54.4166666666667"
"51",2015-02-20,"3628","1749","0","224","3.4","948.8","936.1","6.1","23","0.8","11.3","6.7","2.1","68.9583333333333"
"52",2015-02-21,"2476","1201","5","85","0","936.1","930.9","12.5","1","2.2","13","9","5","31.75"
"53",2015-02-22,"2188","1078","0","158","0","939.4","934.5","9.7","28","2.5","13.8","8","2.2","34.5833333333333"
"54",2015-02-23,"3420","1713","0","225","0","941.7","935.8","13.3","32","4.2","13.7","10.2","6.6","31.0833333333333"
"55",2015-02-24,"3515","1755","0","229","0","950.4","941.7","13.6","29","3.9","11.5","7.8","4.2","31.7083333333333"
"56",2015-02-25,"3477","1771","0","246","0","950.4","947.6","13.6","33","3.6","14.3","9.2","4.1","47.375"
"57",2015-02-26,"3598","1794","20","264","0","948.4","943.7","9.4","30","2.2","13.4","10","6.6","52.5416666666667"
"58",2015-02-27,"3587","1792","0","219","0","945.1","942.7","8.1","3","1.9","14.3","10.8","7.4","38.5416666666667"
"59",2015-02-28,"2514","1239","0","84","0","946.5","944.2","8.6","27","1.4","16.4","10.1","3.8","41.75"
"60",2015-03-01,"0","0","0","0","0","947.4","945.1","8.6","26","2.5","18.7","14.2","9.6","26.625"
"61",2015-03-02,"0","0","0","0","0","948.3","946","5.8","23","1.4","18.1","13.1","8.1","39.2916666666667"
"62",2015-03-03,"0","0","0","0","Ip","947.5","945.9","4.4","26","0.3","17.2","13.2","9.1","50.0416666666667"
"63",2015-03-04,"0","0","0","0","0","955.7","947","11.7","1","3.1","15.2","10.1","5","47.4166666666667"
"64",2015-03-05,"0","0","0","0","0","955.8","950","10","4","2.2","14.5","8.4","2.3","41.2083333333333"
"65",2015-03-06,"0","0","0","0","0","952","950","10","3","1.7","18.3","11.4","4.6","73.125"
"66",2015-03-07,"0","0","0","0","0","952","947.1","5.6","3","0.8","21.6","13.3","5","NA"
"67",2015-03-08,"0","0","0","0","0","947.5","943.8","8.6","4","0.8","22.2","14.2","6.1","NA"
"68",2015-03-09,"0","0","0","0","0","947.4","944.7","5.3","4","0.8","21.7","13.8","6","87.9583333333333"
"69",2015-03-10,"0","0","0","0","0","947.5","946.1","5.8","23","1.9","22.6","15.4","8.2","91.5833333333333"
"70",2015-03-11,"0","0","0","0","0","948.6","945.4","5.3","20","1.1","22.4","14.3","6.2","NA"
"71",2015-03-12,"0","0","0","0","0","945.7","941","6.7","22","0.8","21.5","14.8","8","NA"
"72",2015-03-13,"0","0","0","0","0","944.6","941.8","11.4","4","3.9","18","13.3","8.6","NA"
"73",2015-03-14,"0","0","0","0","0","945.7","941.6","11.9","1","3.3","13.7","9","4.4","28.125"
"74",2015-03-15,"0","0","0","0","0","943","938.7","6.7","5","1.4","9.3","5.8","2.4","31"
"75",2015-03-16,"0","0","0","0","0","940.3","939.3","5.8","2","1.4","12.5","6.8","1.2","60.0416666666667"
"76",2015-03-17,"0","0","0","0","0","940","936.9","10.6","12","1.9","13.6","9.2","4.8","NA"
"77",2015-03-18,"0","0","0","0","9","941.3","938.6","8.9","9","2.5","9.1","6.2","3.2","32"
"78",2015-03-19,"0","0","0","0","0.4","939.4","935","12.5","4","3.6","11.9","8.8","5.8","16.2916666666667"
"79",2015-03-20,"0","0","0","0","4.7","936.5","931.2","16.1","3","5.6","13.1","10.6","8.2","19.125"
"80",2015-03-21,"0","0","0","0","2.5","931.9","929.7","11.4","2","2.5","11.6","9.2","6.8","16.375"
"81",2015-03-22,"0","0","0","0","5.2","932.4","930.6","9.2","3","1.9","12.5","10.1","7.7","13"
"82",2015-03-23,"0","0","0","0","14.8","932.4","925.3","7.2","8","1.4","8.5","7.2","6","48.2083333333333"
"83",2015-03-24,"0","0","0","0","0","931.3","923.7","13.1","5","4.2","14","10","6.1","22.0416666666667"
"84",2015-03-25,"0","0","0","0","0","937.3","931.1","15","4","5.6","10.3","6.9","3.5","27.3333333333333"
"85",2015-03-26,"0","0","0","0","0","944.1","937.3","11.7","31","2.2","14.7","8.6","2.5","NA"
"86",2015-03-27,"0","0","0","0","0","950.3","944.1","7.8","2","1.1","20.5","14.6","8.6","33.5833333333333"
"87",2015-03-28,"0","0","0","0","0","950.7","947.7","10","34","1.7","25","16.8","8.6","42.375"
"88",2015-03-29,"0","0","0","0","0","949.6","946.9","6.9","34","1.9","23","17","11.1","NA"
"89",2015-03-30,"0","0","0","0","0","950.3","948.2","7.8","30","2.5","26.7","19.8","13","NA"
"90",2015-03-31,"0","0","0","0","0","951.2","947","8.1","2","1.4","26.6","19.3","12","NA"
"91",2015-04-01,"3269","1419","0","163","0","951","947.3","8.9","3","1.9","22.3","16","9.8","23.9166666666667"
"92",2015-04-02,"1774","764","12","82","0","949.2","944.3","8.3","4","1.9","23.6","15.6","7.7","18.1666666666667"
"93",2015-04-03,"1472","683","5","65","0","945","938.5","8.1","5","1.7","24","18.2","12.3","13.0833333333333"
"94",2015-04-04,"1673","799","0","108","0","938.7","934.5","10.8","4","3.1","22","15.9","9.8","9.45833333333333"
"95",2015-04-05,"1917","911","10","190","0","935.7","932.1","10","4","1.4","23.7","16.4","9","18.1666666666667"
"96",2015-04-06,"3326","1604","13","257","0","943.4","934.5","8.6","15","1.9","21.2","15.4","9.6","15.7083333333333"
"97",2015-04-07,"3456","1751","0","250","0","949.8","943","20.8","14","3.1","18.3","13.2","8.2","NA"
"98",2015-04-08,"3535","1726","0","242","0","949.3","944.2","10.8","9","3.3","18","12.4","6.7","16.1666666666667"
"99",2015-04-09,"3520","1752","0","251","5.8","947.1","945.8","8.3","3","2.5","10.8","8.4","6.1","27.7916666666667"
"100",2015-04-10,"3602","1780","0","200","0","946.6","943.3","4.4","11","1.1","16.6","12.6","8.5","42.6666666666667"
"101",2015-04-11,"2582","1266","0","86","0","948.4","944","12.8","7","2.5","22","15.9","9.8","21.875"
"102",2015-04-12,"2260","1169","4","146","0","949.6","944.9","10.3","11","2.5","21.2","16","10.8","13.1666666666667"
"103",2015-04-13,"3525","1760","8","221","0","948.3","946","14.7","13","4.7","23","17.8","12.7","21.1666666666667"
"104",2015-04-14,"3528","1784","14","237","0.1","948.3","941","14.7","14","4.2","24.5","18.2","11.8","20.4583333333333"
"105",2015-04-15,"3590","1816","0","245","18.2","942.8","936.2","9.2","11","1.9","18.8","15.1","11.4","NA"
"106",2015-04-16,"3609","1807","0","266","0","941.1","938.2","8.9","99","2.8","16.7","13.4","10.2","38.7916666666667"
"107",2015-04-17,"3719","1807","0","237","0","941.8","939","7.2","28","1.7","20","15.8","11.6","44.8333333333333"
"108",2015-04-18,"2635","1237","0","91","0","939","934.9","13.1","27","3.1","18.9","14","9.2","36.1666666666667"
"109",2015-04-19,"2333","1108","0","146","0","941.4","937.5","13.9","24","0.8","18.8","13","7.2","23.625"
"110",2015-04-20,"3456","1727","13","228","0","944.1","941.1","6.1","4","2.2","21.3","15","8.6","31.125"
"111",2015-04-21,"3533","1730","20","249","0","945.5","941.4","10.3","17","3.6","22.1","17","12","19.5416666666667"
"112",2015-04-22,"3608","1769","13","254","0","943.6","941.1","10","23","2.2","21.6","16.7","11.8","34.875"
"113",2015-04-23,"3705","1792","18","243","0","943.3","939.7","8.3","23","1.7","23.6","17","10.4","50.3333333333333"
"114",2015-04-24,"3706","1770","20","222","0","939.9","936.6","8.3","23","1.7","22.5","17.3","12.1","58.4166666666667"
"115",2015-04-25,"2643","1240","0","88","5.5","938.9","934.9","10.8","26","2.8","18.8","15.2","11.6","24.1666666666667"
"116",2015-04-26,"2190","1044","0","156","17.5","934.9","928.1","17.5","30","0.6","15","12.1","9.2","25.2916666666667"
"117",2015-04-27,"3547","1731","0","241","0","940.1","932.1","9.2","26","2.2","16.6","12.3","8","35.5833333333333"
"118",2015-04-28,"3617","1792","0","258","0","943.9","940","8.1","27","2.2","19.5","14","8.6","41.2916666666667"
"119",2015-04-29,"3862","1849","15","253","0","943","939.5","8.9","99","2.2","20.8","15.7","10.6","42.2083333333333"
"120",2015-04-30,"3690","1803","14","243","0","944.8","941.2","7.8","24","1.7","23","16.5","10","49.8333333333333"
"121",2015-05-01,"2144","926","13","81","0","942.1","939.4","7.2","25","1.9","23.7","18.3","12.9","22.6666666666667"
"122",2015-05-02,"2029","916","11","68","0","940.2","935.7","11.1","25","2.8","26.4","20.3","14.2","17.125"
"123",2015-05-03,"2571","1129","2","194","0.1","937.5","935.5","9.2","23","1.4","21.4","19.1","16.8","26.1666666666667"
"124",2015-05-04,"3564","1705","16","250","Ip","935.6","930","14.4","23","2.2","26.9","20.8","14.6","37.4583333333333"
"125",2015-05-05,"3622","1742","20","240","0","939.1","934.6","10.6","26","3.1","21","16.2","11.5","26.375"
"126",2015-05-06,"3668","1741","13","239","0","941.8","939.1","6.9","26","1.4","23","16.2","9.4","37.125"
"127",2015-05-07,"3702","1797","12","248","0","941.6","936.4","6.4","21","1.9","28.2","19.6","11.1","58.5833333333333"
"128",2015-05-08,"3766","1777","20","228","0","946.3","938.2","",NA,"3.3","24.7","18.8","12.9","35.1666666666667"
"129",2015-05-09,"2855","1295","16","87","0","948","945.5","5.3","10","1.4","28.2","20.6","13","39.1666666666667"
"130",2015-05-10,"2464","1128","20","139","0","947","943.1","7.8","17","1.7","31.5","24","16.4","NA"
"131",2015-05-11,"3503","1718","21","233","0","945.6","942.3","6.1","25","1.4","32.4","24.8","17.2","NA"
"132",2015-05-12,"3598","1727","155","232","0","946.8","943.8","6.7","23","1.7","33.3","25.2","17.2","NA"
"133",2015-05-13,"3702","1775","110","232","0","947.7","943.3","9.4","26","2.2","35.5","27.5","19.5","76.5"
"134",2015-05-14,"3717","1767","111","242","0","943.3","937.2","12.5","33","2.5","32.5","24.4","16.4","50.2083333333333"
"135",2015-05-15,"2397","1027","53","98","0","947.4","939.8","13.3","3","3.9","23","17.4","11.8","8.875"
"136",2015-05-16,"2244","1004","57","90","0","948.8","946.3","12.2","8","2.8","27.7","19","10.4","7.29166666666667"
"137",2015-05-17,"2196","1022","56","156","0","947.6","940.2","9.2","5","1.7","30","21.8","13.6","14.3333333333333"
"138",2015-05-18,"3546","1742","104","250","0","940.4","932.4","7.8","27","2.2","31.6","24","16.4","34.25"
"139",2015-05-19,"3576","1713","110","230","0","941.1","931.2","13.6","3","5","22.8","16.6","10.4","NA"
"140",2015-05-20,"3616","1759","130","252","0","945.3","940.3","12.2","5","2.8","21.6","14.5","7.4","NA"
"141",2015-05-21,"3613","1748","127","258","0","948.8","944.5","10.3","4","2.8","22.3","15.4","8.4","14.125"
"142",2015-05-22,"3710","1785","124","235","0","947.3","941.2","13.6","3","3.3","22.7","15.2","7.7","NA"
"143",2015-05-23,"2648","1232","88","89","0","943","938.1","13.3","4","3.6","23.8","16.6","9.5","NA"
"144",2015-05-24,"2363","1124","75","146","0","941.3","937.8","12.8","4","2.5","24.7","18","11.4","5.20833333333333"
"145",2015-05-25,"3448","1714","116","231","0","942.6","938.7","8.9","99","1.9","25.8","19.8","13.7","19.6666666666667"
"146",2015-05-26,"3589","1734","123","235","0","942.5","939.1","10.3","4","2.8","27.9","20.2","12.5","18.375"
"147",2015-05-27,"3614","1771","133","250","0","942.4","938.7","11.7","5","3.1","29.3","21.3","13.3","16.9583333333333"
"148",2015-05-28,"3671","1800","126","258","0","941.6","936.6","6.4","6","1.4","31.3","23.8","16.2","38.0416666666667"
"149",2015-05-29,"3658","1803","120","238","0","938.8","935.3","11.7","27","2.2","30.4","23.8","17.1","44.5833333333333"
"150",2015-05-30,"2593","1210","86","90","0","940.8","938.2","8.6","32","1.9","29.9","22.4","15","36.5"
"151",2015-05-31,"2390","1095","71","137","0","941.4","938.2","8.3","22","1.9","30.8","23.6","16.3","21.8333333333333"
"152",2015-06-01,"3577","1747","109","219","0","941.6","938.2","8.9","27","2.2","31.5","24.4","17.4","39.5"
"153",2015-06-02,"3656","1766","124","240","0","943.2","939.2","8.3","16","1.9","32.6","25.5","18.4","41.1666666666667"
"154",2015-06-03,"3602","1785","116","239","0","944.6","941.7","9.2","15","2.5","33.6","26.7","19.8","26.0833333333333"
"155",2015-06-04,"2143","1035","55","98","0","945.5","941","8.1","16","1.4","32.3","25.8","19.2","11.2916666666667"
"156",2015-06-05,"3144","1486","82","169","0","943.7","940.3","6.7","11","1.7","32.2","25.1","18","25.0833333333333"
"157",2015-06-06,"2296","1070","63","86","0","944.6","941.5","8.6","3","1.7","34","26.7","19.4","15.5416666666667"
"158",2015-06-07,"2206","1058","58","170","0","945.6","940.9","9.4","13","2.5","34.1","27.6","21.2","10.0833333333333"
"159",2015-06-08,"3628","1792","105","265","0","943.4","937.9","6.9","99","1.7","33","26.4","19.8","29.2083333333333"
"160",2015-06-09,"3589","1761","116","234","0.7","939.8","936.1","12.5","33","2.5","32.3","25.4","18.4","29.2083333333333"
"161",2015-06-10,"3611","1753","113","258","9.1","939.1","934.1","9.7","23","1.7","27.3","22.2","17","39"
"162",2015-06-11,"3621","1779","130","269","20.7","937.1","934.2","10.8","23","2.2","22.5","19","15.4","41.3333333333333"
"163",2015-06-12,"3777","1818","126","231","0","936.3","934.8","11.7","26","3.3","23","18.8","14.5","36"
"164",2015-06-13,"2637","1193","63","62","0","936.6","934.5","11.4","25","2.5","22.1","18.6","15.1","31.125"
"165",2015-06-14,"2377","1101","0","0","2.8","937.9","935.3","11.7","24","2.5","22.4","17.5","12.6","16.5416666666667"
"166",2015-06-15,"3565","1750","0","0","2.2","943.3","938.2","8.3","5","0.3","20.6","16.1","11.6","27.625"
"167",2015-06-16,"3622","1741","0","0","0","945.7","943.3","7.8","2","1.4","25.4","19","12.6","30.125"
"168",2015-06-17,"3660","1770","158","323","0","945.8","941.6","11.4","6","2.5","26.8","20.7","14.6","15.5"
"169",2015-06-18,"3666","1982","121","268","0","945.5","941","10","4","1.9","30","22.4","14.7","22.125"
"170",2015-06-19,"3558","2027","109","227","0","944.2","939.5","11.7","5","2.2","32.4","25","17.7","24.3333333333333"
"171",2015-06-20,"2480","1283","66","93","0","943.1","939.9","10.3","4","1.7","33.7","25.5","17.3","14.4583333333333"
"172",2015-06-21,"2284","1192","59","151","0.1","942.9","939.1","8.3","4","1.9","35.1","27.6","20","33.0833333333333"
"173",2015-06-22,"3595","1996","99","245","0","940.6","936.8","9.7","22","2.2","34","28","22","70.375"
"174",2015-06-23,"3625","2022","98","218","9","940.3","936","11.1","12","1.7","31.6","25.3","19","54.0833333333333"
"175",2015-06-24,"3637","2008","111","285","0","942.8","939.5","6.7","3","0.8","30.4","23.9","17.4","NA"
"176",2015-06-25,"3597","2038","117","250","0","945.6","942.8","6.4","22","1.7","32.8","26","19.3","40.9166666666667"
"177",2015-06-26,"3496","1913","110","235","0","946.4","943.2","8.3","22","1.7","35.4","27.6","19.9","NA"
"178",2015-06-27,"2342","1193","67","89","0","945","941.3","7.8","23","1.9","37.3","29","20.8","40"
"179",2015-06-28,"0","0","56","138","0","944.4","941.2","9.4","13","1.7","38.8","30.5","22.2","40.0833333333333"
"180",2015-06-29,"0","0","108","239","0","943.2","939.1","8.3","5","1.1","39.3","32.1","24.9","46.0833333333333"
"181",2015-06-30,"4632","2797","107","234","0","940.8","935.9","10.8","20","3.1","38.4","31.5","24.6","NA"
"182",2015-07-01,"4905","2692","28","50","0","939.9","935.7","8.6","27","2.2","35.6","29.2","22.7","46.5416666666667"
"183",2015-07-02,"3645","2029","0","0","0","943.5","939.5","10.8","14","1.4","33","27.6","22.2","40.2916666666667"
"184",2015-07-03,"3620","1946","0","0","0","943.9","940.7","11.1","22","2.8","36.5","29.4","22.4","27.875"
"185",2015-07-04,"2287","1166","0","0","0","945.6","940.3","9.2","16","1.4","36.7","30","23.2","26.4166666666667"
"186",2015-07-05,"2136","1124","0","0","0","943.3","940.9","8.3","20","1.9","37.1","30.3","23.5","41.0833333333333"
"187",2015-07-06,"3230","1699","0","0","0","943","939.4","10.3","24","2.2","39.6","31.8","24","62.75"
"188",2015-07-07,"3566","1944","0","0","0","942","938.9","11.9","27","3.1","38.3","30.6","22.8","NA"
"189",2015-07-08,"3664","2001","144","315","0","943","937.9","10.8","4","3.1","38.2","31.2","24.1","51.625"
"190",2015-07-09,"3613","1956","125","249","0","941.2","938.3","8.9","4","2.5","38.9","30.4","22","40.25"
"191",2015-07-10,"3325","1870","85","130","0","941","938.9","11.1","23","2.8","37.4","30","22.7","63.1666666666667"
"192",2015-07-11,"2317","1113","0","0","0","944.1","940.5","6.9","3","1.9","37.4","29.9","22.4","34.2083333333333"
"193",2015-07-12,"2222","1084","60","223","0","944.2","940.4","7.8","21","1.7","37.5","30.4","23.2","22.375"
"194",2015-07-13,"3541","1881","108","230","0","943.5","940.5","8.6","3","1.7","38.6","31.4","24.2","39.875"
"195",2015-07-14,"3409","1913","109","234","0","942.3","939.1","9.2","4","1.7","39.5","32","24.4","44.125"
"196",2015-07-15,"3494","1927","107","239","0","940.8","936.9","7.2","3","1.4","39.4","32","24.5","44.0833333333333"
"197",2015-07-16,"3579","1914","105","251","0","940","937.3","9.7","22","2.2","38.3","31.2","24.2","58.5416666666667"
"198",2015-07-17,"3473","1851","94","214","Ip","941.5","939","7.8","28","1.4","36.3","31","25.6","41.5"
"199",2015-07-18,"2152","1050","52","90","0","942.8","938.5","11.1","29","2.8","33.6","28.5","23.4","23.375"
"200",2015-07-19,"2030","1013","50","150","0","941.4","938.5","8.3","23","1.1","34.4","28.4","22.4","22.875"
"201",2015-07-20,"3331","1826","94","226","0","940.3","938","6.4","20","1.7","36.8","30.1","23.4","39.3333333333333"
"202",2015-07-21,"3269","1831","97","224","0","939.6","937.2","10.8","29","2.5","37.3","30","22.8","43.8333333333333"
"203",2015-07-22,"3212","1841","102","228","3.6","940.6","938.5","11.7","30","1.1","34.2","29.1","24","NA"
"204",2015-07-23,"3233","1843","101","238","0","941.5","935.9","8.3","4","2.5","36.9","29.2","21.6","34.7916666666667"
"205",2015-07-24,"1","1797","90","191","0","937.3","934.6","9.7","24","2.2","34.3","28","21.8","51.0833333333333"
"206",2015-07-25,"0","1006","57","85","0","939.8","937.3","9.2","4","1.4","33.8","26.9","20","13.7916666666667"
"207",2015-07-26,"0","972","51","152","0","940.7","936.8","8.6","32","2.5","36.3","29.2","22","18.7916666666667"
"208",2015-07-27,"0","1765","89","222","0","938.9","936.5","9.7","27","1.7","37.6","30.6","23.7","NA"
"209",2015-07-28,"0","1764","99","202","0","938.8","934.7","9.2","22","1.9","38","30.5","23","NA"
"210",2015-07-29,"0","1802","94","217","0","937.3","933.8","11.9","24","2.2","36.8","29.6","22.5","39.5"
"211",2015-07-30,"0","1804","99","189","0","935.8","933.8","11.4","23","2.2","34.3","28.2","22","24.875"
"212",2015-07-31,"0","1743","91","179","0","935.5","930.7","11.9","27","3.1","30.5","25","19.6","29.5833333333333"
"213",2015-08-01,"0","1003","48","102","0","938.5","935.5","9.7","3","1.1","31.7","24.6","17.6","10.625"
"214",2015-08-02,"0","907","42","144","0","940.8","938.1","7.2","17","1.9","34.6","27.9","21.2","20.7083333333333"
"215",2015-08-03,"0","1512","75","143","0","940.7","936.5","8.9","26","2.8","35.5","29.2","23","NA"
"216",2015-08-04,"0","1478","69","127","0","940.1","937.6","9.2","22","1.7","34.5","28","21.5","36.625"
"217",2015-08-05,"0","1476","71","118","0","939.1","937","10","22","1.7","35.5","28.6","21.6","NA"
"218",2015-08-06,"0","1472","71","122","0","940.3","937.1","9.7","27","2.8","37.2","28.5","19.8","NA"
"219",2015-08-07,"0","1408","65","111","0","940.6","937.7","11.1","24","2.2","35.4","27.9","20.4","NA"
"220",2015-08-08,"0","847","40","95","0","943.2","938.3","12.8","3","2.8","33.6","27.1","20.6","NA"
"221",2015-08-09,"0","798","54","193","0","945","940.4","9.7","99","1.9","33.3","24.8","16.2","NA"
"222",2015-08-10,"0","1339","77","182","0","942.1","937.5","9.2","4","1.7","36.8","27.7","18.6","29.2916666666667"
"223",2015-08-11,"0","1334","62","124","0","939.5","935.9","10.8","24","2.5","34","27.6","21.3","31.3333333333333"
"224",2015-08-12,"0","1340","58","109","0","942.2","938.5","7.5","27","1.4","32.6","26.2","19.8","NA"
"225",2015-08-13,"0","1341","63","106","0","942.8","939.8","11.1","26","3.6","27.5","22.1","16.7","NA"
"226",2015-08-14,"0","1307","60","101","0","941.5","938.5","7.5","99","1.9","27","21","15","26.3333333333333"
"227",2015-08-15,"0","764","33","91","0","939.1","936.9","12.8","26","1.4","28.2","22.9","17.6","14.2916666666667"
"228",2015-08-16,"0","773","34","151","0","938.7","935.1","7.5","24","1.7","29.5","23.5","17.5","15.5416666666667"
"229",2015-08-17,"0","1323","60","139","0","936.3","933.9","10","5","1.7","31.7","25.6","19.6","25.0416666666667"
"230",2015-08-18,"0","1356","62","129","0","939.8","935.7","12.5","3","1.7","32.3","25.8","19.2","NA"
"231",2015-08-19,"0","1345","63","122","0","941.4","939.3","9.2","7","1.4","32.4","25.3","18.2","26.1666666666667"
"232",2015-08-20,"0","1343","61","113","0","944.9","941.4","7.2","4","1.4","34.2","27","19.8","37.2083333333333"
"233",2015-08-21,"0","1301","60","109","0.9","944.2","940.4","13.3","4","1.1","33.1","27.6","22","NA"
"234",2015-08-22,"0","848","40","100","0","942.7","934.1","11.7","24","2.5","31.7","24.6","17.4","21.4166666666667"
"235",2015-08-23,"0","834","38","164","0.1","936.3","933.8","13.1","24","3.9","26","22","18","15.875"
"236",2015-08-24,"0","1457","67","144","0","941.3","933.4","13.3","27","2.2","24.8","19.2","13.6","27.2916666666667"
"237",2015-08-25,"0","1478","67","125","0","944.7","940.4","5","3","0.8","29","21.7","14.4","45.3333333333333"
"238",2015-08-26,"0","1507","89","172","0","941.4","938.2","9.2","23","1.7","32.1","25.4","18.6","NA"
"239",2015-08-27,"0","1531","69","135","0","941.2","938.8","11.4","22","2.5","32.3","25.2","18.2","45.1666666666667"
"240",2015-08-28,"0","1546","76","125","0","942.1","939.3","8.1","14","1.4","34.2","25.6","17","53.25"
"241",2015-08-29,"0","1000","47","120","0","943.4","939","9.4","14","2.8","34.8","28.4","22","20.1666666666667"
"242",2015-08-30,"0","979","49","183","2.3","941.9","936.7","20.8","16","2.5","34.8","28.2","21.5","17.0833333333333"
"243",2015-08-31,"0","1756","80","165","0","940.9","938.6","8.9","33","1.9","28","23.9","19.8","44"
"244",2015-09-01,"0","1857","84","176","0","941.1","938.3","6.7","6","1.7","30","24","18","47.3333333333333"
"245",2015-09-02,"0","1896","87","194","0","939.6","934.9","8.3","8","2.2","29.5","24.4","19.2","38.5"
"246",2015-09-03,"0","1922","98","206","0","938.6","935.4","9.4","4","1.1","26.5","21.6","16.7","45.8333333333333"
"247",2015-09-04,"0","1915","93","172","0.5","941.2","936.9","14.7","31","2.2","26","21","16.1","31.2083333333333"
"248",2015-09-05,"0","1166","65","89","0","943.4","940.7","9.4","4","1.4","26.8","20.2","13.5","17.5"
"249",2015-09-06,"0","1127","57","153","0.3","945.2","942.3","6.7","10","0.8","27.1","21.8","16.6","26.3333333333333"
"250",2015-09-07,"0","1918","96","217","0.7","944.7","941.4","6.1","15","2.2","27.3","21.8","16.2","36.5"
"251",2015-09-08,"0","1897","103","208","0","942.3","938.4","7.8","28","1.4","27.7","20.8","14","56.3333333333333"
"252",2015-09-09,"0","1954","0","0","0","940.5","937.6","9.7","24","2.5","28.2","21.8","15.5","64.125"
"253",2015-09-10,"0","1986","0","0","0","939.5","936.2","8.9","25","1.9","28","22.7","17.4","62.8333333333333"
"254",2015-09-11,"0","1993","0","0","0","938.6","935.7","9.2","26","2.2","30.1","23.4","16.8","59.5833333333333"
"255",2015-09-12,"0","1257","0","0","0","937.9","934.9","9.2","99","1.9","27.4","23.2","19","50.375"
"256",2015-09-13,"0","1211","0","0","Ip","937.2","934.3","13.6","23","3.6","24.4","20.6","16.8","21.5416666666667"
"257",2015-09-14,"0","1923","0","0","0","940.2","936.4","8.3","26","2.2","24.2","19","13.8","35.7083333333333"
"258",2015-09-15,"0","1951","155","284","0.9","936.7","930.9","13.1","24","2.2","19.8","17.1","14.4","49.9166666666667"
"259",2015-09-16,"0","1958","101","240","7","931.1","928.2","17.8","24","3.6","21.7","18","14.4","34.9166666666667"
"260",2015-09-17,"0","1976","125","260","0","941.3","931.1","8.3","27","1.9","20","15","10","46.75"
"261",2015-09-18,"0","2028","104","201","0","944.3","941.2","7.2","4","1.7","23.8","17.5","11.2","NA"
"262",2015-09-19,"0","1313","73","86","0","947.7","944.2","6.1","4","0.8","25.4","19.3","13.2","NA"
"263",2015-09-20,"0","1185","66","140","0","946.5","942.9","6.4","3","1.1","28.1","21.3","14.5","45.5833333333333"
"264",2015-09-21,"0","1961","105","234","0","943","938.6","7.5","99","1.7","29","21.5","14","69.625"
"265",2015-09-22,"0","2035","111","239","0","939.3","936.1","10","31","1.7","28.4","21","13.7","73.25"
"266",2015-09-23,"0","1758","104","246","0","941.8","937.6","10.3","4","3.1","24.1","19.6","15","NA"
"267",2015-09-24,"0","1955","129","327","0","943.2","940.2","7.2","99","1.4","27.1","20.6","14.1","37.6666666666667"
"268",2015-09-25,"0","1984","119","196","0","943.1","940.4","6.4","2","1.4","28.9","22.4","16","53"
"269",2015-09-26,"0","1274","71","92","0","942","940","11.1","28","0.8","28","22.3","16.6","53.5416666666667"
"270",2015-09-27,"0","1185","66","131","0","943.7","940.7","8.3","4","0.3","26.5","21.2","16","40.8333333333333"
"271",2015-09-28,"0","1998","97","247","0","945.1","942","6.9","11","1.4","24.2","19","13.8","26.9583333333333"
"272",2015-09-29,"0","1985","122","231","0","943.7","937.4","6.7","15","1.7","23.6","18.2","12.7","NA"
"273",2015-09-30,"0","1476","110","236","0","943.6","939.4","5.8","32","1.1","23.4","19.4","15.3","53.4166666666667"
"274",2015-10-01,"0","2572","112","251","0","945.7","943.2","8.9","30","1.9","25","18.7","12.4","66.6666666666667"
"275",2015-10-02,"0","2029","112","211","0","943.2","936.5","9.7","25","1.9","25.5","19.8","14","55.625"
"276",2015-10-03,"0","1347","77","95","0.2","940.2","938.1","9.4","24","1.1","23.7","19.1","14.5","58.4583333333333"
"277",2015-10-04,"0","1257","70","132","4.2","942.8","940.2","9.2","22","2.2","22","18.8","15.5","38.2083333333333"
"278",2015-10-05,"0","1658","105","234","16.3","942.9","936.4","13.3","26","4.2","22.4","19.6","16.7","46.125"
"279",2015-10-06,"0","1940","109","250","0","941.1","936.4","12.5","25","3.3","20.7","17.4","14","36.4583333333333"
"280",2015-10-07,"4989","1998","108","261","0","942.7","939.5","6.7","3","0.6","20.2","16.2","12.2","50.1666666666667"
"281",2015-10-08,"3136","1991","116","247","0","940.8","938.4","8.6","4","0.8","22","16.8","11.6","57.4166666666667"
"282",2015-10-09,"3107","1981","102","210","0","939.3","936.1","5.3","22","1.4","21.5","16.7","11.9","NA"
"283",2015-10-10,"2121","1226","68","99","3.8","936.1","933","7.2","22","1.7","22.3","16.6","10.8","NA"
"284",2015-10-11,"1767","1057","63","88","0.3","933.2","931.5","8.1","24","1.9","19.8","16.8","13.7","35.6666666666667"
"285",2015-10-12,"1847","1108","61","127","0","936.3","931.7","6.7","24","0.6","21.8","18.2","14.6","31.125"
"286",2015-10-13,"3147","1988","101","236","2.3","939.5","935.4","10.8","5","1.9","15.7","13.4","11.2","40.4583333333333"
"287",2015-10-14,"3207","2041","109","216","0","938.9","936.8","4.4","6","0.8","17.2","12.3","7.4","56.6666666666667"
"288",2015-10-15,"3255","2040","126","233","0","938.8","937","5.8","4","0.8","19.1","13.3","7.5","65.2916666666667"
"289",2015-10-16,"3293","2006","114","204","0","939.9","937.3","4.7","99","0.6","20","14","8","NA"
"290",2015-10-17,"2301","1332","82","90","8.4","937.3","934.9","5.6","3","1.1","22.6","17.6","12.7","47.5416666666667"
"291",2015-10-18,"1989","1250","69","141","20.9","937.5","934","6.4","8","0.8","18.3","16","13.6","39.6666666666667"
"292",2015-10-19,"3043","1720","108","239","0.5","936.1","932.6","5.8","15","1.4","19","16.1","13.2","44.9166666666667"
"293",2015-10-20,"3173","1956","117","250","0","941.9","936.1","12.8","3","2.8","20","15.7","11.4","32.9583333333333"
"294",2015-10-21,"3217","1993","123","251","0","943.8","940.5","6.4","3","0.8","16.2","11.5","6.8","53.4583333333333"
"295",2015-10-22,"3291","2098","123","251","0","946","942.9","6.4","2","1.1","18.8","13","7.2","76.25"
"296",2015-10-23,"4415","2709","116","223","0","944.5","942","6.9","4","1.1","18.4","13.8","9.3","NA"
"297",2015-10-24,"2369","1391","87","96","0","943.4","941.2","4.7","3","0.6","20.1","15.8","11.6","NA"
"298",2015-10-25,"2110","1283","69","141","0","944.1","940.6","6.7","15","1.7","20.4","16.9","13.4","NA"
"299",2015-10-26,"3071","1932","102","230","0.8","940.6","935.4","5.8","15","1.4","18.2","15.6","13","35.7083333333333"
"300",2015-10-27,"3125","1954","111","261","2.8","938.2","933.8","12.5","24","3.1","16.5","12.8","9.2","44.7916666666667"
"301",2015-10-28,"3148","2024","122","245","0.1","942.7","936.9","10.6","22","2.8","15.3","11.9","8.5","NA"
"302",2015-10-29,"3311","2061","79","160","0","944.2","942.7","",NA,"1.1","16.3","13.9","11.5","60.375"
"303",2015-10-30,"3228","2046","155","296","0","","","5.8","11","1.4","20.3","15.6","10.9","62.875"
"304",2015-10-31,"2396","1329","82","82","0","945.8","940.4","6.9","13","1.7","19.7","15.8","12","33.375"
"305",2015-11-01,"2072","1197","67","115","17.5","945.8","939.2","11.7","11","2.8","19","16.6","14.1","22.75"
"306",2015-11-02,"3060","1868","105","209","11.7","939.2","932.6","11.1","3","2.5","15","12.4","9.9","43.0833333333333"
"307",2015-11-03,"3187","1932","105","238","0.2","945.6","937.2","8.6","18","1.7","13.8","11.5","9.2","56.7083333333333"
"308",2015-11-04,"3231","2002","114","250","0.5","945.5","944","4.7","99","0.8","16","13.4","10.9","64.6666666666667"
"309",2015-11-05,"3293","2031","127","282","0","948.5","945.5","6.1","25","1.1","17.3","14.6","12","71.75"
"310",2015-11-06,"3211","1995","115","230","0","950.9","948.5","3.6","99","0.6","19.4","15.4","11.3","81.7916666666667"
"311",2015-11-07,"2247","1224","74","92","0","951.1","949.3","3.9","4","0.8","21.4","16.4","11.5","47.875"
"312",2015-11-08,"1835","1071","64","106","0","953.7","950.3","6.1","16","1.7","20.8","16.7","12.6","43.7916666666667"
"313",2015-11-09,"1968","1187","59","153","0","955.6","953","4.4","4","0.8","20.6","15.8","10.9","NA"
"314",2015-11-10,"3190","1982","103","257","0","953.6","950","5","4","1.1","19.2","14.3","9.4","NA"
"315",2015-11-11,"3210","1994","118","229","0","950.3","946.9","3.3","15","0.6","19.3","13.8","8.4","104.375"
"316",2015-11-12,"3031","2004","117","359","0","949.1","946.7","3.3","3","0.8","19.2","13.4","7.7","90.7083333333333"
"317",2015-11-13,"3922","2311","115","307","0","953.7","949.1","8.6","4","0.8","19.2","13.7","8.2","67.375"
"318",2015-11-14,"1066","717","47","46","0","955.2","951.7","9.4","4","0.8","16.3","13","9.6","51.875"
"319",2015-11-15,"2768","1851","78","194","0","951.7","946.9","4.2","4","0.6","17.2","12.2","7.2","57.2083333333333"
"320",2015-11-16,"3966","2529","144","340","0","947.8","945.6","4.2","23","0.8","16","11.4","6.7","77.25"
"321",2015-11-17,"3017","1912","115","262","0","950.3","946.7","3.3","11","0.6","15.5","10.6","5.7","NA"
"322",2015-11-18,"3138","1930","119","254","0","951.1","949.6","2.8","5","0.3","18.3","12.2","6","82.4583333333333"
"323",2015-11-19,"3221","2034","129","266","0","953.5","951","2.8","17","0.6","19","13.8","8.5","92"
"324",2015-11-20,"3248","2000","122","219","0","953.5","945.8","8.9","26","0.6","18.7","13.3","7.9","NA"
"325",2015-11-21,"2268","1381","87","84","0.6","945.8","935.1","15.3","29","2.5","15.9","10.2","4.4","29.5833333333333"
"326",2015-11-22,"1997","1221","91","137","0","941","935.9","8.3","27","2.2","9","6.2","3.3","41.9166666666667"
"327",2015-11-23,"3079","1911","122","228","0","946.1","937.8","10.3","36","2.2","10.2","6.4","2.7","48.125"
"328",2015-11-24,"3134","1975","122","249","0","949","946.1","6.7","31","0.6","10.6","6.3","2","NA"
"329",2015-11-25,"3080","1987","119","249","0","948.7","943.4","10.6","27","2.5","15.8","11.7","7.6","56.7083333333333"
"330",2015-11-26,"3679","2278","129","272","0","944.7","941.4","12.5","1","2.2","15.7","11","6.2","69.2083333333333"
"331",2015-11-27,"3161","2028","126","212","0","941.9","939.2","7.8","4","1.4","15.8","11.4","7","64.875"
"332",2015-11-28,"2387","1470","92","85","0","951.1","941.9","6.9","4","1.1","15.4","10.2","5","NA"
"333",2015-11-29,"2061","1288","73","132","0","956.4","951.1","3.6","4","0.3","12.6","7.5","2.4","63.5833333333333"
"334",2015-11-30,"3157","1994","112","214","0","957.8","954.5","4.4","3","0.6","14.5","8","1.5","78.5416666666667"
"335",2015-12-01,"3049","2001","121","249","0","954.9","951.4","3.9","3","0.6","14","8.3","2.6","80.3333333333333"
"336",2015-12-02,"2946","2030","129","252","0","952.7","950.7","3.1","22","0.3","13.2","8.4","3.7","NA"
"337",2015-12-03,"2323","1603","112","199","0","954","951.5","3.3","4","0.6","14.7","9.5","4.3","88.125"
"338",2015-12-04,"3845","2323","105","247","0","957","954","4.4","4","0.3","16.3","11.2","6.2","93.3333333333333"
"339",2015-12-05,"2014","1234","68","98","0","955.3","950.6","4.2","5","0.8","16.6","11.7","6.8","NA"
"340",2015-12-06,"1717","1098","61","94","0","951.9","949.4","3.9","3","0.6","15.1","10.5","5.9","52.25"
"341",2015-12-07,"2496","1585","90","116","0","952.6","950.8","4.7","5","1.1","11.7","9.4","7","52.5"
"342",2015-12-08,"820","439","60","147","0","956.1","952.4","3.9","5","0.6","13.8","10.5","7.2","54.75"
"343",2015-12-09,"4253","2631","120","245","0","958.2","952.2","8.3","4","1.7","14.5","11.4","8.4","49.5416666666667"
"344",2015-12-10,"3117","2068","144","262","0","956.1","953.8","5","4","1.4","13.1","10.2","7.3","56.875"
"345",2015-12-11,"3187","2050","140","193","0","955.1","951.4","5.3","12","1.4","13.5","11","8.5","50.25"
"346",2015-12-12,"2326","1460","92","84","0","951.4","946","5","11","0.8","11.5","10","8.5","42.4583333333333"
"347",2015-12-13,"2086","1258","97","119","0","946","943.2","6.4","24","0.8","12.2","8.6","5.1","52.875"
"348",2015-12-14,"3124","2026","110","232","0.2","947.5","943.5","5.8","23","1.4","14.1","11.4","8.8","64.7916666666667"
"349",2015-12-15,"3156","2026","123","237","0","953.9","947.4","5.3","4","0.6","15.3","11.6","8","75.7083333333333"
"350",2015-12-16,"3230","2086","130","239","0","956","952.9","4.7","5","0.6","15.5","10.8","6.2","62.125"
"351",2015-12-17,"1279","1140","133","285","0","953.2","950.4","3.9","4","0","14.8","10.4","6","76.3333333333333"
"352",2015-12-18,"0","0","135","165","0","952.5","950.3","3.3","4","0.3","14.9","11","7.1","80.0416666666667"
"353",2015-12-19,"2729","1749","96","83","0","950.3","945.7","4.7","5","0.8","15.4","10.8","6.3","71.4166666666667"
"354",2015-12-20,"1019","477","86","98","0","950.3","944.6","8.6","27","0.8","15.3","10.8","6.4","59.4583333333333"
"355",2015-12-21,"0","0","127","196","0","955.3","950.2","5.8","5","0.8","13.3","9.2","5","70.375"
"356",2015-12-22,"4573","2477","129","198","0","955.8","953","5.6","5","0.6","14.6","9.6","4.5","77.75"
"357",2015-12-23,"3255","2012","119","186","0","953.3","950.1","5.3","3","0.3","14.2","9.4","4.6","NA"
"358",2015-12-24,"1257","715","79","99","0","953.2","948.9","2.8","16","0.3","10","6.6","3.2","68.3333333333333"
"359",2015-12-25,"0","0","57","58","0","954.6","952.6","5.3","6","0.3","13.2","8","2.9","56.2083333333333"
"360",2015-12-26,"2047","1285","56","95","0","954.8","951.9","5.8","4","0.3","11.1","7.3","3.5","50.4583333333333"
"361",2015-12-27,"1851","1087","61","158","0","952.9","949.1","6.4","8","2.2","13.5","9.4","5.4","31.625"
"362",2015-12-28,"2760","1695","99","166","3.3","949.6","946.2","8.3","14","2.2","14.1","10.2","6.2","50.7083333333333"
"363",2015-12-29,"2845","1728","100","155","0","953.8","947.2","6.1","25","1.1","10.6","8.1","5.6","52.5833333333333"
"364",2015-12-30,"2948","1732","97","154","0.5","953.5","947.7","5","22","0.3","10.4","8.6","6.8","55.75"
"365",2015-12-31,"2294","1317","70","110","0.1","948","946.8","6.1","27","1.4","12.2","10.7","9.2","53.75"
"366",2016-01-01,"1647","995","53","60","3.2","946.9","939.6","8.9","26","1.9","14.4","11.3","8.2","45.1666666666667"
"367",2016-01-02,"1747","1127","57","96","0","945.2","940.9","9.2","28","1.9","11.4","8.2","5","34.4166666666667"
"368",2016-01-03,"1187","646","63","165","0.4","944.1","932.7","10.3","22","2.5","11.9","8.3","4.7","32.75"
"369",2016-01-04,"0","0","98","158","4.1","933.1","925.6","23.3","26","6.4","13.5","10.2","6.8","26.4583333333333"
"370",2016-01-05,"0","0","95","112","0","936.2","928.3","11.9","27","3.1","9.6","6.8","4.1","42.7916666666667"
"371",2016-01-06,"0","0","60","86","0.3","940.7","936","14.2","26","2.2","8.9","5.2","1.4","24.3333333333333"
"372",2016-01-07,"0","0","97","209","0.5","939","937.1","13.9","28","4.4","14.4","11.6","8.9","NA"
"373",2016-01-08,"0","0","104","171","6","938","931.9","11.7","22","1.9","12.9","11.6","10.4","42.2083333333333"
"374",2016-01-09,"2405","1543","79","84","0.2","935","929.9","12.8","26","2.5","11.5","9.8","8.2","36.75"
"375",2016-01-10,"1335","651","66","175","12","934.1","928.5","17.2","24","3.9","12","10.2","8.5","23.4166666666667"
"376",2016-01-11,"0","0","110","215","0.4","941.4","928.5","17.2","25","3.6","11.3","8.2","5.2","43.375"
"377",2016-01-12,"4260","2430","116","213","0","947","941.2","6.9","26","1.4","10.6","6.8","3.1","NA"
"378",2016-01-13,"3122","1856","122","220","0","948.5","943.8","3.9","15","0.6","9.6","5.8","2","76"
"379",2016-01-14,"3169","1954","133","245","2.1","944.3","939.9","5.3","23","0.6","8.6","6.2","3.8","NA"
"380",2016-01-15,"3141","2019","127","193","0","950.9","941.5","11.9","2","2.2","9.6","6.8","4","40.8333333333333"
"381",2016-01-16,"2152","1382","85","80","0","952.8","950.8","10.3","4","1.9","8.3","4.4","0.6","39.0416666666667"
"382",2016-01-17,"1951","1186","72","132","0","952","942.9","5.3","26","0.6","7","3","-0.9","53.375"
"383",2016-01-18,"3095","1973","119","218","0","942.8","938.2","9.2","33","2.8","9.8","6","2.2","50.5416666666667"
"384",2016-01-19,"3152","2013","115","245","0","941.5","939.7","5.8","29","1.1","8.8","5.8","2.7","72.5416666666667"
"385",2016-01-20,"3210","2023","131","251","0","941.9","939","4.2","27","0.3","9.2","5.4","1.6","72.4166666666667"
"386",2016-01-21,"3203","2056","135","260","0","948.2","941.5","3.3","9","0.3","9","6.8","4.6","60.125"
"387",2016-01-22,"3198","2052","129","211","0.8","954.8","948.3","4.7","4","1.1","11.3","8.6","6","60.1666666666667"
"388",2016-01-23,"2218","1418","82","81","0","956.2","953.9","5","3","1.1","16.2","12.2","8.2","49.0416666666667"
"389",2016-01-24,"1553","748","68","130","0","955.2","952.6","4.7","4","0.6","17.5","12.8","8.2","48.2083333333333"
"390",2016-01-25,"4294","2544","109","216","0","953.2","950.7","4.7","8","0.8","16.4","12.2","8","60.9583333333333"
"391",2016-01-26,"3100","1988","116","240","0","953.5","950.5","5.6","23","0.8","14.4","10.7","7","55.875"
"392",2016-01-27,"3218","1969","120","239","0","952.2","950.2","3.9","16","0.6","10.1","8.6","7","63.875"
"393",2016-01-28,"3197","1973","127","247","3.7","952.3","949.3","5.8","22","1.1","9.6","8.5","7.4","60.2083333333333"
"394",2016-01-29,"3273","2019","125","212","0.5","954.7","952.3","7.8","4","1.9","10.6","8.6","6.5","43.3333333333333"
"395",2016-01-30,"2272","1358","86","78","0","956.2","954","6.9","23","1.1","12.9","8.6","4.2","40.6666666666667"
"396",2016-01-31,"2040","1227","73","139","0","956.4","953.9","8.1","30","0.3","14.8","10.9","7","45.25"
"397",2016-02-01,"3141","1966","111","208","0","956.5","951.8","4.7","4","0.6","15.4","10.4","5.3","72.8333333333333"
"398",2016-02-02,"3097","1969","112","220","0","951.6","946.8","5","4","0.3","14.2","10","5.8","NA"
"399",2016-02-03,"3021","2010","120","242","0","955.6","949","10.8","2","2.8","14.4","10","5.7","35.625"
"400",2016-02-04,"3264","2048","126","260","0","958.2","952.9","8.9","8","1.4","11.2","7.4","3.5","40.4583333333333"
"401",2016-02-05,"3215","2022","124","227","0","953.1","947","6.1","3","0.8","10.7","7","3.2","57.75"
"402",2016-02-06,"2261","1321","77","70","13.8","946.4","935.5","13.3","28","1.4","11.5","7","2.5","NA"
"403",2016-02-07,"1917","1174","70","133","0","947.2","935.5","14.7","29","1.7","10.6","7.2","3.9","29.0833333333333"
"404",2016-02-08,"3137","1935","113","220","0","949.6","946.8","9.4","24","2.5","12.2","8.8","5.5","36.9583333333333"
"405",2016-02-09,"3107","1965","106","233","0.6","947.2","939.7","18.6","25","4.7","12.6","10.6","8.6","28.7083333333333"
"406",2016-02-10,"3197","1971","117","237","0","941.1","935.6","15.6","27","4.4","14.3","11.4","8.5","30.125"
"407",2016-02-11,"3237","1993","132","262","2.8","937.8","934.8","13.9","27","2.8","16.2","13.4","10.5","37.2916666666667"
"408",2016-02-12,"3184","1977","116","196","6.2","935.6","932.5","16.1","26","4.2","13.5","11.2","8.8","27.4166666666667"
"409",2016-02-13,"2257","1367","81","85","2.3","934.4","928.3","15.3","23","4.4","13.8","12.7","11.6","18.8333333333333"
"410",2016-02-14,"1984","1180","70","135","2.4","930.6","924.4","17.8","28","3.6","12","8.2","4.4","22.4583333333333"
"411",2016-02-15,"3146","1972","111","230","0","945.4","930.1","17.5","1","4.2","10.5","6.8","3","35.7083333333333"
"412",2016-02-16,"3200","1986","118","243","0","948","945.3","14.7","2","3.6","8.5","4.6","0.7","38.7083333333333"
"413",2016-02-17,"3174","1992","123","261","2.2","947.5","939.7","9.7","25","1.4","8.6","3","-2.5","55.9583333333333"
"414",2016-02-18,"3128","2020","128","247","1.7","944.1","938.2","8.9","3","1.4","10.2","6.8","3.4","NA"
"415",2016-02-19,"3113","2038","123","224","0","949.3","944.3","9.2","4","2.5","11","6.2","1.5","35.125"
"416",2016-02-20,"2286","1391","86","84","0","953.6","949.3","6.7","4","1.4","13.5","7.8","2.2","40.4166666666667"
"417",2016-02-21,"2073","1224","71","160","0","951.2","945.4","6.4","5","1.4","13.7","9","4.2","43.9166666666667"
"418",2016-02-22,"3170","1973","113","245","0","946.1","942","6.7","3","1.1","15.2","10.1","5","56.9166666666667"
"419",2016-02-23,"3151","2022","114","254","0","948.5","945.3","6.4","22","1.7","15","10","4.9","56.7916666666667"
"420",2016-02-24,"3241","2022","130","262","1.5","945.8","937.7","9.2","99","2.2","10.7","7.4","4.2","59.4583333333333"
"421",2016-02-25,"3342","2074","132","285","0","941.5","937.5","11.7","33","2.5","13","8.7","4.4","49.2916666666667"
"422",2016-02-26,"3270","2018","128","215","5.8","940.3","919.8","13.6","99","1.9","8.2","5.8","3.3","47.9166666666667"
"423",2016-02-27,"2291","1377","92","88","0","922.4","917.7","17.8","30","4.2","8.2","5.4","2.6","24.375"
"424",2016-02-28,"2001","1220","81","138","0","935.1","923","",NA,"3.3","11.7","7.7","3.7","28.375"
"425",2016-02-29,"3253","2010","117","213","0","947.3","935","11.7","2","1.9","13.4","8.2","2.9","43.7916666666667"
"426",2016-03-01,"3267","1983","122","227","0","949","947.5","4.7","23","0.6","16.6","9.1","1.6","77.2083333333333"
"427",2016-03-02,"3259","2002","116","269","0","948.3","942.3","12.5","30","2.5","18.5","11.3","4.1","NA"
"428",2016-03-03,"3274","2069","129","268","0","943.3","939.2","7.8","27","1.9","15.5","10.2","4.8","49.2083333333333"
"429",2016-03-04,"3274","2023","118","227","1.5","939.7","926","14.4","26","3.1","15.2","9.8","4.4","48.7083333333333"
"430",2016-03-05,"2388","1402","91","87","Ip","934.4","929","12.5","33","2.2","10.8","6.8","2.8","31.2083333333333"
"431",2016-03-06,"2085","1223","72","156","1.1","937.1","934.7","10.6","34","2.2","11.3","6.6","2","31"
"432",2016-03-07,"3183","1967","120","250","0.5","936.7","927.9","13.1","2","3.6","10.5","7","3.6","37.6666666666667"
"433",2016-03-08,"3249","2000","120","250","0","943.1","935.2","14.2","3","3.3","10.9","7.4","3.8","41.0416666666667"
"434",2016-03-09,"3301","2043","123","269","0","942.9","933.8","15.8","33","3.6","14.5","8.8","3.1","51.75"
"435",2016-03-10,"3007","1832","134","266","0","940.3","936.1","15.8","35","3.6","11.4","7.2","3","35.0833333333333"
"436",2016-03-11,"3357","2051","125","221","0","943.8","941","12.8","1","2.5","13.9","9","4.2","34.1666666666667"
"437",2016-03-12,"939","423","54","24","0","944.8","941.9","5.8","4","1.1","13.7","7.6","1.5","44.2083333333333"
"438",2016-03-13,"0","0","0","0","0","943.2","937.7","8.9","4","1.1","15.3","9","2.6","32.9166666666667"
"439",2016-03-14,"4445","2554","152","341","0","939.5","936.8","11.1","3","1.9","13.1","7.8","2.5","36.375"
"440",2016-03-15,"3317","2016","113","231","0","941.4","939.3","6.7","5","2.2","14.9","9","3","50.4166666666667"
"441",2016-03-16,"3288","2037","118","235","0","940.6","937.9","6.1","36","1.4","16.4","9.6","2.7","NA"
"442",2016-03-17,"3336","2063","126","268","0","940.6","937.4","7.8","21","2.5","16.2","10.6","5.1","NA"
"443",2016-03-18,"2848","1961","110","227","18.4","939.2","935.7","8.9","23","2.2","14","9.3","4.6","44.7916666666667"
"444",2016-03-19,"2343","1240","71","93","0.2","936.6","933.8","11.1","23","2.5","12.4","9.8","7.3","36.1666666666667"
"445",2016-03-20,"1928","1048","61","124","0.1","937.1","934.9","10","23","0.6","13.7","9.1","4.5","34.0416666666667"
"446",2016-03-21,"2915","1693","92","178","19.8","935.9","932.2","9.7","13","1.7","14.2","10","5.9","31.7916666666667"
"447",2016-03-22,"3029","1683","87","165","0.1","933.3","929.6","7.5","4","1.9","14.6","10.1","5.6","38.375"
"448",2016-03-23,"2965","1567","79","169","0","936","930","8.6","5","1.9","14","9.2","4.3","41.0416666666667"
"449",2016-03-24,"1655","827","44","92","0","942.4","936.5","6.1","8","1.1","19","11","3.1","33.4583333333333"
"450",2016-03-25,"1361","737","38","66","0","945.8","943.1","5.3","23","0.8","17.2","11","4.9","NA"
"451",2016-03-26,"1554","848","43","97","0.5","946","941.6","11.7","24","3.1","15.6","10.9","6.2","34.625"
"452",2016-03-27,"1729","994","53","186","0","943.6","939.9","12.2","26","3.6","15.8","11.6","7.5","NA"
"453",2016-03-28,"3008","1792","94","245","Ip","942.3","940.6","9.2","25","2.8","13.5","11","8.4","29.4583333333333"
"454",2016-03-29,"3090","1960","109","244","0","941.6","937.5","8.6","25","2.8","18.7","13.8","9","38.4166666666667"
"455",2016-03-30,"3296","2000","117","250","0.5","938.9","930.8","10","22","1.7","22.5","15.2","7.8","NA"
"456",2016-03-31,"3352","2036","123","291","0","941.6","930.8","18.3","25","3.9","13.2","8.8","4.3","30.8333333333333"
"457",2016-04-01,"3402","2049","123","204","0","942.4","936.3","9.2","1","2.5","14.4","9.4","4.5","37.3333333333333"
"458",2016-04-02,"2438","1365","83","87","0","936.8","933.2","8.3","27","2.5","17.1","10.3","3.5","34.5833333333333"
"459",2016-04-03,"2071","1218","70","147","6.6","935.9","933.5","13.1","25","2.8","14.6","11.4","8.2","35.7916666666667"
"460",2016-04-04,"3107","1914","112","229","13.2","935.8","924.3","6.9","23","1.1","9.9","8.2","6.6","57.0833333333333"
"461",2016-04-05,"3262","2065","115","247","0","937.7","925.7","14.7","1","3.9","16","11.5","7","36.7916666666667"
"462",2016-04-06,"3351","2043","118","251","0","940","936.6","7.2","4","1.9","20.1","13","6","39.1666666666667"
"463",2016-04-07,"3368","2072","123","270","0","940.1","935.6","14.7","6","1.7","20.4","13.6","6.7","41.75"
"464",2016-04-08,"3308","1990","116","223","0","939.3","937.4","15.6","1","3.1","14.2","9.8","5.3","32.0416666666667"
"465",2016-04-09,"2439","1392","81","83","0","938.2","931.6","8.9","24","1.9","18.8","12","5.3","37.0416666666667"
"466",2016-04-10,"2131","1320","72","142","1.9","932.3","926.3","13.1","26","3.9","13.8","10","6.3","24.6666666666667"
"467",2016-04-11,"3200","1975","115","230","5.8","934.5","930.3","10.3","23","1.9","13.5","9.2","4.8","41.5416666666667"
"468",2016-04-12,"3302","1970","116","236","11.8","934.7","932.7","12.5","27","2.2","12.7","10","7.2","NA"
"469",2016-04-13,"3408","2018","123","256","0","938.2","934.3","10.3","21","3.3","15.8","11.4","7","43.2083333333333"
"470",2016-04-14,"3402","2034","127","276","0","938.7","935.6","8.3","25","1.4","18.9","13.4","7.8","52.7916666666667"
"471",2016-04-15,"3428","2044","112","217","1.8","935.5","933.4","13.9","24","2.8","19.4","13.8","8.2","52.375"
"472",2016-04-16,"2375","1330","84","101","14.7","935.9","932.7","14.4","23","2.8","13.8","11.8","9.9","34.75"
"473",2016-04-17,"2226","1247","71","147","0","940.1","934.7","9.2","23","2.5","17.4","12.2","7.1","27.375"
"474",2016-04-18,"3306","2000","108","231","0","941.7","937.7","9.7","10","2.5","21.6","14.6","7.5","27"
"475",2016-04-19,"3273","1988","117","246","27.8","940.3","937.2","7.8","8","1.4","14.5","12.5","10.5","37.875"
"476",2016-04-20,"2168","1616","90","190","2.6","941.2","936.8","10.8","9","1.1","12.2","10.4","8.5","45.875"
"477",2016-04-21,"0","0","0","0","1","944","941","8.1","22","1.7","17.4","12.8","8.2","45.375"
"478",2016-04-22,"0","0","0","0","0","944.1","940.6","8.3","32","1.4","17.5","13.6","9.6","54.5"
"479",2016-04-23,"0","0","0","0","3.9","941.4","936.6","9.7","4","1.4","18.5","13.8","9.1","47.75"
"480",2016-04-24,"0","0","0","0","0","940.7","938.9","8.9","2","1.7","18.2","12.8","7.5","20"
"481",2016-04-25,"0","0","0","0","0","940.8","937","7.5","4","1.4","20.6","13.2","5.8","44.9583333333333"
"482",2016-04-26,"0","0","0","0","0","937.6","933.6","8.1","23","2.2","22.3","15","7.8","49"
"483",2016-04-27,"0","0","0","0","1.1","934.7","931.6","9.7","99","1.7","21.6","16.3","11","NA"
"484",2016-04-28,"0","0","0","0","Ip","937.2","933.4","6.7","4","1.7","18.5","14.5","10.5","34.4583333333333"
"485",2016-04-29,"0","0","0","0","1","940.1","937.3","8.1","18","1.1","19.2","14.8","10.4","32.6666666666667"
"486",2016-04-30,"0","0","0","0","0","947.6","939.3","10.6","3","3.1","19.8","14.1","8.4","26.25"
"487",2016-05-01,"2112","1095","59","83","0","949","945.9","9.4","3","2.2","18","11.2","4.5","12.4583333333333"
"488",2016-05-02,"1677","929","56","102","0","947.2","942.5","7.2","2","1.9","23.7","14.3","4.9","23.5"
"489",2016-05-03,"3332","2018","108","263","0","945.2","941.3","7.2","4","1.7","26.5","18.6","10.6","37.0416666666667"
"490",2016-05-04,"3480","2066","114","232","0","942.9","937.5","7.5","99","1.4","27.5","20.2","13","53.25"
"491",2016-05-05,"3568","2088","120","264","1.2","938.7","935","11.7","15","2.2","20.8","17.6","14.5","NA"
"492",2016-05-06,"3474","2042","114","217","8.3","935.6","931.2","8.9","14","1.4","16.2","13.5","10.8","42.75"
"493",2016-05-07,"2604","1334","87","97","5.7","932.2","927.4","8.9","24","1.4","16.6","13.6","10.6","31.0416666666667"
"494",2016-05-08,"2218","1217","72","146","14.8","927.8","924.1","11.7","15","2.2","12.4","11","9.5","26.4166666666667"
"495",2016-05-09,"3286","1988","112","234","7.6","932.9","926.3","9.2","25","1.9","13.7","11.1","8.5","40.4583333333333"
"496",2016-05-10,"3359","2038","108","280","6.6","932.8","928.3","10.8","14","1.7","16.7","12.6","8.4","45"
"497",2016-05-11,"3443","2081","114","267","6.4","930.9","928.9","8.3","13","0.8","15.8","11.4","7","49.9166666666667"
"498",2016-05-12,"3486","2107","122","282","0","932.3","930.3","10","22","2.5","16","12.1","8.2","40.4166666666667"
"499",2016-05-13,"3436","2042","114","236","0.3","938.2","932.3","10.6","30","1.1","16.6","12.4","8.3","45.625"
"500",2016-05-14,"2393","1262","68","89","0","942.4","938","6.7","31","0.8","19.3","14.2","9","34.0416666666667"
"501",2016-05-15,"2128","1127","57","97","0","944.3","942.1","8.3","4","1.9","20.3","16.6","13","29.2916666666667"
"502",2016-05-16,"2072","1208","57","148","0","945.8","942.4","7.8","3","1.1","23.7","16.4","9.2","20.125"
"503",2016-05-17,"3385","2030","108","266","0","943.2","938.1","6.1","4","1.4","25","18.5","12","47.0416666666667"
"504",2016-05-18,"3443","2054","115","257","0","940.5","937","8.9","32","2.5","25.9","19.2","12.4","58.4583333333333"
"505",2016-05-19,"2217","1632","122","268","0","944.9","939.4","8.6","4","1.4","26.2","19.5","12.8","32.5833333333333"
"506",2016-05-20,"4745","2624","115","226","0","945.7","940.4","5.6","99","1.7","28.2","21.1","14","41.875"
"507",2016-05-21,"2601","1441","85","94","0","941.3","936.2","9.4","26","2.5","29.2","22.4","15.5","NA"
"508",2016-05-22,"2373","1278","69","151","0","944.8","936","14.4","28","3.1","23","18.2","13.4","22.9166666666667"
"509",2016-05-23,"3482","2031","108","250","0","946.6","940.4","5.8","3","1.1","22.1","16.2","10.3","39.625"
"510",2016-05-24,"3429","2061","115","250","0","940.4","932.9","10","25","2.5","25.6","20.1","14.6","45"
"511",2016-05-25,"1538","1180","124","251","0","936.1","934.8","8.6","21","1.7","20.8","17.5","14.2","NA"
"512",2016-05-26,"5110","2631","127","265","0","935.9","934.4","7.5","27","1.7","24.8","19.4","13.9","51.25"
"513",2016-05-27,"3578","1990","112","230","0","938.5","935.5","10.8","26","2.2","25.6","19.2","12.7","52.4583333333333"
"514",2016-05-28,"2362","1324","74","86","4.2","940.2","937.3","17.8","25","1.7","20.6","16.4","12.2","31.8333333333333"
"515",2016-05-29,"2426","1343","64","112","0","941.3","939","12.5","26","3.1","19.9","15.6","11.3","23.25"
"516",2016-05-30,"3415","2081","100","232","0","942","940.2","7.8","34","1.7","21.6","16.4","11.2","41.2083333333333"
"517",2016-05-31,"3447","2059","104","240","0","943.9","941.6","8.9","1","1.1","24.1","17.4","10.8","29.5416666666667"
"518",2016-06-01,"3491","2079","121","248","0","944.5","939","7.2","4","1.7","27.1","19.6","12","39.5"
"519",2016-06-02,"3534","2037","117","273","0","940.4","935.4","6.7","4","1.1","28.5","20.5","12.5","50.5"
"520",2016-06-03,"3562","2031","100","227","0.6","935.8","933","9.2","21","2.5","29.5","22.8","16","56.0833333333333"
"521",2016-06-04,"2536","1348","70","93","0","939.6","934.7","6.9","26","1.9","27.4","21","14.6","32.4583333333333"
"522",2016-06-05,"2399","1281","67","140","0","941.1","937.8","6.1","14","1.9","28.4","21.9","15.4","29.2083333333333"
"523",2016-06-06,"3355","2007","114","241","0","942.8","939.5","10.3","20","1.9","29.4","22.7","16","55.1666666666667"
"524",2016-06-07,"3306","2043","102","250","0","944.9","942.7","6.4","28","1.9","32.7","25.6","18.4","49.0416666666667"
"525",2016-06-08,"3418","2042","103","249","0","943.8","940","7.5","26","1.7","34.2","26.7","19.2","61.9583333333333"
"526",2016-06-09,"3455","2049","114","254","0","943.1","934.7","9.4","23","2.2","34.7","27.2","19.7","56.125"
"527",2016-06-10,"3456","2031","104","194","0","935.7","934","9.7","25","3.1","31","25.2","19.4","52.75"
"528",2016-06-11,"2480","1328","72","41","0","939.4","935.7","15.6","32","2.5","31.2","25.1","19","26.9166666666667"
"529",2016-06-12,"2242","1228","62","0","0","941.7","938.8","17.2","25","1.9","31.5","24.4","17.2","31.0833333333333"
"530",2016-06-13,"3378","1984","109","300","0","940.1","936.4","12.2","99","3.3","31.7","25.4","19","29.8333333333333"
"531",2016-06-14,"3473","2019","106","215","0","937.8","930.9","12.2","32","3.3","29.2","22.7","16.2","32.1666666666667"
"532",2016-06-15,"3460","2129","106","260","0.5","931.7","928.2","15","22","2.8","21.5","17.2","13","32.4166666666667"
"533",2016-06-16,"3423","2008","111","244","0","937.5","930.3","11.4","27","3.1","19.7","15.2","10.8","35.1666666666667"
"534",2016-06-17,"1637","1147","102","232","0","943.2","937.6","8.3","26","1.9","22.5","16.9","11.3","38.7083333333333"
"535",2016-06-18,"3042","1903","60","50","0","949.4","942.7","8.6","99","2.5","24.5","19.1","13.7","15.7916666666667"
"536",2016-06-19,"2240","1573","62","120","0","950.2","946","8.6","5","1.4","27.8","19.8","11.8","16.625"
"537",2016-06-20,"3171","1876","117","345","0","947.5","942.6","8.3","1","1.4","32.3","23.4","14.6","36.125"
"538",2016-06-21,"3432","1995","101","239","0","946.4","941.7","8.3","14","1.7","34.2","26.8","19.5","NA"
"539",2016-06-22,"3476","2019","105","255","0","943.8","939.3","10.3","14","2.5","35.3","27.5","19.7","21.8333333333333"
"540",2016-06-23,"3499","2040","115","259","0","944.2","941","9.7","22","2.5","33.4","26.4","19.3","42.7083333333333"
"541",2016-06-24,"3447","1971","101","190","0","943.1","938.8","11.1","25","2.5","34.4","27.3","20.2","55"
"542",2016-06-25,"2383","1259","68","90","0","940","936.4","13.9","2","2.2","33.3","26.2","19","24.4583333333333"
"543",2016-06-26,"2267","1282","65","120","0","942.5","937.4","12.5","4","1.4","32","24.5","17","12.6666666666667"
"544",2016-06-27,"3319","1959","107","235","0","944.9","940.8","8.3","6","1.1","34.3","26.6","19","38.125"
"545",2016-06-28,"3458","2003","99","255","0","942.5","938","10.8","20","1.9","35.8","28.6","21.3","38.3333333333333"
"546",2016-06-29,"3491","2028","100","232","0","939","935.6","11.4","29","2.5","35.4","28.9","22.4","57.1666666666667"
"547",2016-06-30,"3589","2062","108","239","0","940.2","938","9.2","24","1.7","34.3","27.8","21.2","52.0416666666667"
"548",2016-07-01,"3403","1934","82","215","0","941.1","939.1","8.6","23","1.9","34.5","27.8","21","52.0416666666667"
"549",2016-07-02,"2316","1206","50","76","0","942.7","940.1","10.8","4","1.7","36","28.6","21.2","43.2083333333333"
"550",2016-07-03,"2161","998","52","129","0","944.5","939","11.1","5","1.9","36.5","28.4","20.4","19.375"
"551",2016-07-04,"3374","1928","96","245","0.2","941.9","938.4","10.6","29","2.2","34.9","28.6","22.4","NA"
"552",2016-07-05,"3251","1925","97","263","5.5","945.1","940","12.2","30","1.7","35.1","27.2","19.3","35.8333333333333"
"553",2016-07-06,"3420","1941","112","255","5.7","944.6","939.1","8.9","34","1.9","34.4","26.8","19.2","45.7083333333333"
"554",2016-07-07,"3451","1939","108","286","0","944.4","940.8","10","33","2.5","31.3","25.8","20.4","39.25"
"555",2016-07-08,"3407","1891","96","251","0","945.7","941.9","7.8","1","1.4","34.4","27.8","21.3","63.5416666666667"
"556",2016-07-09,"2191","1126","71","105","0","945.2","939.9","6.9","16","0.8","36.7","29.8","23","39.7916666666667"
"557",2016-07-10,"2130","1076","54","133","0","941.2","937.1","6.9","15","1.7","38.4","31.4","24.4","NA"
"558",2016-07-11,"3270","1905","90","261","0","938.5","936.1","11.4","24","2.5","37.2","31","24.9","58.875"
"559",2016-07-12,"3383","1869","91","249","0","940.3","937.1","11.1","3","1.7","34.4","28.2","22","42.875"
"560",2016-07-13,"3338","1932","98","270","0","945.3","940.2","13.9","5","3.1","30.2","23.2","16.2","16.4166666666667"
"561",2016-07-14,"3429","1932","108","283","0","946.9","942.6","13.3","3","2.5","30.5","21.8","13","20.5416666666667"
"562",2016-07-15,"3353","1867","93","254","0","946.6","942.2","10.6","99","1.4","31.2","22.6","14","29.8333333333333"
"563",2016-07-16,"2171","1102","56","103","0","946.6","940.6","5.8","3","0.8","34","26.7","19.4","28.625"
"564",2016-07-17,"2027","1050","52","154","0","943.4","939.8","8.3","15","0.8","36.5","28.8","21.2","NA"
"565",2016-07-18,"3301","1828","87","259","0","944.3","939.2","8.6","16","2.8","38.6","30.1","21.6","25.75"
"566",2016-07-19,"3273","1811","90","261","0","943.8","939.2","6.9","21","0.8","36.9","29.6","22.2","44.5416666666667"
"567",2016-07-20,"3315","1831","97","254","0","942.8","937.6","12.8","16","2.5","35.4","29.9","24.4","56.5"
"568",2016-07-21,"3403","1868","92","276","0","940.1","936","9.4","23","1.9","35.3","28.2","21","59.5"
"569",2016-07-22,"3217","1788","84","249","0","942.2","936.3","12.2","4","1.9","33.2","26.8","20.4","31.9166666666667"
"570",2016-07-23,"1971","983","45","102","0","943.7","941","10.8","4","2.8","31.7","24.8","17.8","10.875"
"571",2016-07-24,"1624","873","40","100","0","942.8","940.1","8.1","99","1.4","33.2","26.2","19.2","12.2916666666667"
"572",2016-07-25,"1800","986","46","166","0","943.4","940.3","10","5","1.7","36.6","29","21.4","21.5"
"573",2016-07-26,"3336","1791","86","244","0","943.4","939","11.7","2","1.4","38","30.6","23.3","42.9166666666667"
"574",2016-07-27,"3241","1810","102","238","0","942.1","939","10.3","6","1.7","38","31","24.1","35.4583333333333"
"575",2016-07-28,"1330","1822","101","248","0","942.2","938.5","8.3","1","1.9","37.4","30.3","23.2","45.9583333333333"
"576",2016-07-29,"0","1766","94","244","0","940.6","937","10","22","2.8","38.4","31.5","24.6","45.5833333333333"
"577",2016-07-30,"0","1078","56","110","0","940.7","937.9","10.8","24","3.3","35.7","30","24.4","36.9583333333333"
"578",2016-07-31,"0","995","45","145","0","942.3","939.2","9.7","32","1.7","34.4","27.2","19.9","27.75"
"579",2016-08-01,"0","1588","73","150","0","944","940","10","4","1.4","34.7","27.6","20.6","31.6666666666667"
"580",2016-08-02,"0","1567","73","125","0","943.9","940.4","9.7","6","1.9","36.7","29.4","22.2","46"
"581",2016-08-03,"0","1550","64","147","0","941.1","937.3","8.3","18","1.7","37.9","30.6","23.3","NA"
"582",2016-08-04,"0","1536","73","135","0","940.4","937.1","11.7","26","2.8","36","29.3","22.6","52.625"
"583",2016-08-05,"0","1488","68","125","0","945","940.3","10","4","2.2","33","26.8","20.6","15.2083333333333"
"584",2016-08-06,"0","358","21","14","0","947.2","944.6","8.6","5","2.2","35.2","27.6","20","14.625"
"585",2016-08-07,"0","0","0","0","0","948.1","943.8","7.5","5","1.9","36.2","28","19.7","17.3333333333333"
"586",2016-08-08,"0","1741","79","192","0","948.2","942.8","5","23","0.3","35.4","28.9","22.4","33.75"
"587",2016-08-09,"0","1376","57","123","0","944.5","938.2","13.9","1","1.1","35.3","27.5","19.7","35.2916666666667"
"588",2016-08-10,"0","1410","56","123","0","944.2","940.9","14.2","4","3.3","29.5","23","16.6","11.1666666666667"
"589",2016-08-11,"0","1351","67","128","0","946.1","943.7","10.8","3","1.9","31","23.4","15.9","17.8333333333333"
"590",2016-08-12,"0","1304","50","122","0","948.1","944.8","6.9","4","1.1","33","25.8","18.6","24.125"
"591",2016-08-13,"0","801","38","105","0","947","942.9","7.2","14","1.1","34.2","27.4","20.6","21.9583333333333"
"592",2016-08-14,"0","728","32","117","0","945.4","941.1","10","15","1.7","34.4","27.4","20.3","13.0416666666667"
"593",2016-08-15,"0","786","33","138","0","943.1","938.9","8.9","22","1.7","34.1","27.7","21.3","21.875"
"594",2016-08-16,"0","1321","57","136","0","940.6","937.2","8.9","28","1.9","34.2","28","21.7","43.4583333333333"
"595",2016-08-17,"0","1316","53","124","0","938.9","936.8","7.5","26","1.1","33.6","26.8","20","43.375"
"596",2016-08-18,"0","1328","58","129","0","937.8","934.7","5.8","24","1.7","33.7","27.2","20.6","38.375"
"597",2016-08-19,"0","1286","53","107","0","937.2","935.6","9.4","24","1.4","34.9","27.6","20.4","36.75"
"598",2016-08-20,"0","840","37","104","0","942.9","937.2","10.8","99","2.2","33","27.5","22","21.875"
"599",2016-08-21,"0","838","35","159","0","946.1","942.2","10.8","5","1.9","32.5","25.4","18.2","16.9166666666667"
"600",2016-08-22,"0","1432","56","143","0","947.1","943.8","7.8","3","1.4","35.3","28.4","21.4","30.5"
"601",2016-08-23,"0","1463","60","129","0","946.3","942","6.1","14","1.4","36","29.6","23.2","34.9166666666667"
"602",2016-08-24,"0","1486","63","123","0","944","939.4","7.5","13","1.9","34.7","28","21.4","21.1666666666667"
"603",2016-08-25,"0","1502","66","125","0","941.3","937.8","7.2","15","1.4","34.5","27.6","20.6","22.9583333333333"
"604",2016-08-26,"3880","1464","63","123","0","941.4","939","6.1","13","1.4","33.3","27.4","21.4","30.6666666666667"
"605",2016-08-27,"1845","922","45","102","0","943.1","940.5","9.2","28","2.2","35.5","28.9","22.3","37.5416666666667"
"606",2016-08-28,"1792","951","41","167","0","943.3","940.9","7.8","99","1.7","35.4","28.7","22","47.4166666666667"
"607",2016-08-29,"3047","1602","67","151","0","943.4","939.7","11.7","4","2.5","34.5","28","21.5","32.9583333333333"
"608",2016-08-30,"3157","1651","74","135","0","943.2","939.2","10","5","1.9","32.5","25.2","18","35"
"609",2016-08-31,"3207","1704","77","137","0","944.3","940.5","8.3","7","1.1","33.3","26.9","20.5","46.875"
"610",2016-09-01,"3294","1712","80","207","0","946.7","942.9","10.3","13","1.7","34","27.8","21.6","27.125"
"611",2016-09-02,"3246","1665","78","227","0","947.1","942.6","5","99","0.8","34.1","27.2","20.2","58.1666666666667"
"612",2016-09-03,"2117","1129","57","102","0","945.2","941.7","6.1","22","1.4","36","29.2","22.4","NA"
"613",2016-09-04,"2002","1102","53","157","0","946.4","942.2","8.9","99","1.7","37","29.6","22.2","56.125"
"614",2016-09-05,"3312","1745","83","242","0","947","943.9","7.8","30","1.4","37.4","29.9","22.4","57.7916666666667"
"615",2016-09-06,"3344","1751","89","248","0","945","939.8","6.4","26","1.1","38.9","30.6","22.4","72.375"
"616",2016-09-07,"3340","1782","93","250","0","940.3","936.8","13.6","27","2.5","38.5","31","23.4","65.0833333333333"
"617",2016-09-08,"3318","1799","92","250","0","939.6","937.6","8.9","25","1.7","33.4","26.9","20.4","63"
"618",2016-09-09,"3415","1893","90","242","0","940.8","937.8","6.4","29","1.4","31","25.4","19.9","42.125"
"619",2016-09-10,"2299","1246","64","98","0","941.4","938.4","7.2","5","1.1","32","26.2","20.5","33.3333333333333"
"620",2016-09-11,"2177","1174","54","134","0","941.4","938.4","7.2","5","1.1","32.2","26.4","20.6","34"
"621",2016-09-12,"3263","1930","89","250","0.9","940.7","935.7","11.4","17","1.4","33.4","26.8","20.1","50.8333333333333"
"622",2016-09-13,"3245","1907","97","252","7","937.6","934.9","15.8","26","2.8","25.3","19.8","14.2","42.2916666666667"
"623",2016-09-14,"3440","2015","105","266","0.2","938.6","936.7","10.3","30","2.2","18.2","15.7","13.2","40.4166666666667"
"624",2016-09-15,"3505","1996","106","286","0","941.1","938","8.6","30","1.4","20.2","15.4","10.5","46.7083333333333"
"625",2016-09-16,"3566","1986","99","240","0","946.4","941","7.8","34","1.1","24.5","18.6","12.6","37.875"
"626",2016-09-17,"2444","1270","68","104","0","946.2","943.3","9.4","99","2.2","23.4","18.5","13.6","19.25"
"627",2016-09-18,"2211","1213","60","134","0","944.9","942","8.9","8","0.6","23.8","17.7","11.6","20.3333333333333"
"628",2016-09-19,"3368","1953","96","260","0","944.9","939.6","5.8","4","0.8","24.7","18.2","11.7","49.1666666666667"
"629",2016-09-20,"3412","1985","93","266","0","939.8","936.9","6.7","4","1.7","26.5","20.8","15.2","NA"
"630",2016-09-21,"3438","1997","90","299","0","941.4","938.2","9.2","22","1.4","27.9","20.9","13.9","60.5416666666667"
"631",2016-09-22,"3436","2021","103","287","0","942.7","940","7.5","27","1.1","27.6","20.3","13","70.375"
"632",2016-09-23,"3520","1968","106","266","0","946.8","943.3","",NA,"1.1","27.3","21.2","15","74.9166666666667"
"633",2016-09-24,"2438","1318","67","97","0","946.3","941.9","6.1","26","1.1","27.1","21","15","54"
"634",2016-09-25,"2335","1228","59","130","0","944.7","942.5","7.5","4","0.8","26.4","21","15.7","NA"
"635",2016-09-26,"3407","1999","90","262","0","945.7","942.4","7.5","4","1.4","26.4","21.7","17","45.25"
"636",2016-09-27,"2982","1932","99","247","0","948.6","944.9","9.7","3","1.1","27.6","22","16.5","NA"
"637",2016-09-28,"3461","2032","104","261","0","951","948.3","8.6","3","1.9","25","20.2","15.4","21.125"
"638",2016-09-29,"3456","1999","115","264","0","951.6","944","5.6","12","1.1","24.9","19.6","14.2","45.2916666666667"
"639",2016-09-30,"3402","2025","100","250","0","944.4","937.9","5.3","23","1.4","25.6","20.2","14.7","NA"
"640",2016-10-01,"2563","1351","71","93","0","938.9","936.4","11.1","26","1.9","26.8","20.8","14.8","NA"
"641",2016-10-02,"2394","1259","63","124","0","941.3","937.8","8.1","24","1.4","26.2","19.8","13.5","51.875"
"642",2016-10-03,"3361","1979","89","260","0","944.5","940.9","4.7","20","0.8","27.2","20.9","14.6","54.5416666666667"
"643",2016-10-04,"3391","2021","102","278","0","945.3","941.4","5","22","1.1","27.4","21.4","15.4","65.75"
"644",2016-10-05,"3496","2054","102","263","0","943.2","937.9","6.1","4","1.4","26.5","21.4","16.2","NA"
"645",2016-10-06,"3425","2026","106","258","0","937.8","933.4","7.8","23","1.1","27.6","21.6","15.6","72.9166666666667"
"646",2016-10-07,"3546","2048","96","246","0","940.1","936.6","6.7","22","1.1","26.2","19.5","12.8","64.875"
"647",2016-10-08,"2503","1340","67","104","0","942.2","939.6","6.1","24","0.8","25.7","19.2","12.6","56.25"
"648",2016-10-09,"2301","1246","65","141","0","941.2","938.2","7.8","4","1.1","24.4","19","13.6","30.5"
"649",2016-10-10,"3344","1946","97","256","0","942.2","938.7","8.1","25","1.1","24.4","18.3","12.2","43"
"650",2016-10-11,"3459","2022","102","236","6","940.2","932.8","9.2","25","1.4","23.3","16.5","9.7","57.5416666666667"
"651",2016-10-12,"1980","1120","57","109","13.3","933.5","926.6","5","13","0.6","14.4","12.7","11","27.7083333333333"
"652",2016-10-13,"3399","1981","97","273","1.1","927.7","925.4","7.2","26","1.4","16.5","13.8","11","43.3333333333333"
"653",2016-10-14,"3480","1965","102","248","0.4","935.4","927.7","8.1","27","0.6","18.4","14.7","11","44.0833333333333"
"654",2016-10-15,"2488","1317","79","94","0","940.1","936.1","5.6","21","0.6","17.7","12.8","8","49.75"
"655",2016-10-16,"2398","1660","68","219","0","943.2","939.9","5","26","0.6","19.9","15.1","10.3","42.625"
"656",2016-10-17,"3364","2131","123","328","5","947.7","943","5","2","1.1","18.4","16.2","14","47.9166666666667"
"657",2016-10-18,"3464","1957","107","262","6.1","948.8","946.5","5.8","2","0.8","19.7","16.4","13.2","40.5416666666667"
"658",2016-10-19,"3354","1953","106","264","4.7","946.7","940.9","3.3","23","0.3","18.6","16.5","14.4","57.875"
"659",2016-10-20,"3403","2004","110","289","1.9","940.3","936.8","4.4","3","0.8","18.2","15.9","13.6","51.8333333333333"
"660",2016-10-21,"3485","2027","98","279","0.3","937.8","934.7","4.2","4","0.6","18.9","15.2","11.4","48.125"
"661",2016-10-22,"2427","1326","78","102","21.8","935","931","6.4","15","0.8","16.3","14.6","12.8","47.5"
"662",2016-10-23,"2175","1223","65","142","12.8","934.2","928.6","10.8","17","1.7","14.4","13","11.5","26.7083333333333"
"663",2016-10-24,"3379","1953","99","263","0.6","938","933","6.4","15","1.4","14.5","12.4","10.4","37.7916666666667"
"664",2016-10-25,"3387","2010","107","268","1.4","944.9","938.1","6.4","99","1.4","19.4","16","12.7","43.5416666666667"
"665",2016-10-26,"3422","2047","115","245","0","948.3","944.8","5.8","99","0.6","22.8","18.3","13.8","52.6666666666667"
"666",2016-10-27,"3461","2143","109","275","0","950.3","948","6.7","4","1.1","23.4","19.4","15.5","47.8333333333333"
"667",2016-10-28,"3289","2106","105","265","0","953.3","950.4","4.7","11","0.6","21.6","18","14.3","49.2083333333333"
"668",2016-10-29,"2491","1317","74","112","0","952.1","948","5.3","4","0.6","21.6","17","12.5","53.7083333333333"
"669",2016-10-30,"2094","1140","56","111","0","948.4","943.8","4.2","2","0.6","22.9","16","9","64.125"
"670",2016-10-31,"2902","1726","80","143","0","945.4","943.1","3.6","5","0.3","21.2","15","8.8","75.8333333333333"
"671",2016-11-01,"1993","1157","56","139","0","947.3","944.6","3.3","4","0.3","17.8","13.2","8.5","NA"
"672",2016-11-02,"3315","2051","97","281","0","945.8","942.5","4.2","24","0.6","20.2","15.2","10.2","62.5833333333333"
"673",2016-11-03,"3290","2075","101","294","5.5","942.3","940.9","3.9","27","0.6","21","16","10.9","67.8333333333333"
"674",2016-11-04,"3255","2046","95","251","11.7","942.8","936.7","7.2","27","0.6","16.2","14","11.8","62.7083333333333"
"675",2016-11-05,"2333","1385","77","107","14.4","937","929.6","14.2","22","2.2","15.3","11.4","7.6","33.9583333333333"
"676",2016-11-06,"2232","1291","66","158","0","935.3","931.5","8.9","26","1.4","13.4","9.4","5.3","32.0416666666667"
"677",2016-11-07,"3353","2039","111","263","0.6","938.6","934","5","32","0.8","10.6","7.3","4","50.2083333333333"
"678",2016-11-08,"3440","2100","124","253","0.2","944.2","939","8.3","32","2.2","11.4","6.8","2.2","NA"
"679",2016-11-09,"2237","1303","63","125","0","945.3","941.6","7.8","25","1.9","15.5","11","6.5","36.375"
"680",2016-11-10,"3384","1974","109","327","0","947.8","945","3.9","19","0.8","12.2","8.3","4.4","71.9166666666667"
"681",2016-11-11,"3432","2091","118","272","0","948.1","946","3.9","4","0.3","13.6","8.8","4","76.125"
"682",2016-11-12,"2473","1421","68","67","0","946.5","944.2","2.5","18","0.3","13.1","8.7","4.3","61.6666666666667"
"683",2016-11-13,"2233","1407","75","249","0","947.6","944.9","9.2","5","1.1","17.1","12.2","7.2","41.7916666666667"
"684",2016-11-14,"3290","2258","108","317","0","948.5","945.7","8.9","3","1.9","14.8","10.2","5.6","35.7916666666667"
"685",2016-11-15,"3342","2053","114","273","0","951.1","948.6","7.2","4","1.7","14.8","10.2","5.6","42.2083333333333"
"686",2016-11-16,"3389","2087","112","281","0","949.9","945.4","3.6","23","0.8","14.3","9.5","4.7","67.8333333333333"
"687",2016-11-17,"3459","2123","110","291","0","945.8","940.5","4.2","22","0.6","16","10.5","5","NA"
"688",2016-11-18,"3449","2083","110","270","0","941.3","937.8","4.2","30","0","13.4","10","6.5","81.4583333333333"
"689",2016-11-19,"2539","1433","84","98","5.7","940.2","936.4","8.1","24","0.6","12","8.2","4.4","51.25"
"690",2016-11-20,"2107","1203","83","151","15.7","936.8","928","12.2","22","0.3","10.8","8.8","6.8","38.7083333333333"
"691",2016-11-21,"3296","2036","108","263","0.1","929.6","924.2","11.9","22","1.9","12","9.5","7","46.5416666666667"
"692",2016-11-22,"3319","2015","117","272","0.1","929.6","926.8","5.3","2","0.8","9.5","8","6.5","50.125"
"693",2016-11-23,"3219","2052","111","285","1.4","939.8","926.4","6.4","2","1.1","8.4","6.4","4.3","56.5833333333333"
"694",2016-11-24,"3423","2129","126","295","0","934.5","929.8","6.1","26","0.8","8.5","5.7","2.9","55.7083333333333"
"695",2016-11-25,"3243","2102","118","236","12.4","934.9","932.2","5.8","2","1.1","5.9","4.6","3.4","43.2083333333333"
"696",2016-11-26,"2455","1462","92","93","19.9","932.7","928.9","6.4","12","1.4","10","7.8","5.5","36.7916666666667"
"697",2016-11-27,"1959","1276","72","152","7","932.8","929.8","6.7","4","1.7","10.9","9.6","8.2","26.875"
"698",2016-11-28,"3324","2068","112","261","0","939.1","931.6","8.6","2","1.9","12.6","9.9","7.2","40.875"
"699",2016-11-29,"3372","2051","115","269","1","946.8","938.5","5.3","4","1.4","12","9.4","6.8","44"
"700",2016-11-30,"3479","2083","115","255","0","950.3","946.6","8.9","14","2.8","14","11.6","9.2","32.7916666666667"
"701",2016-12-01,"3437","2111","127","269","0","951.3","945.5","5.8","13","1.1","11.2","10.3","9.4","42.75"
"702",2016-12-02,"3379","2107","118","239","0","945.9","938.7","3.3","22","0.6","12.6","9.8","6.9","61.4166666666667"
"703",2016-12-03,"2530","1408","78","100","12.1","938.7","933.8","7.2","10","1.9","11.7","9","6.2","41.625"
"704",2016-12-04,"2003","1130","62","130","5.3","937.9","933.9","8.1","12","1.9","11.5","10.4","9.2","28.7916666666667"
"705",2016-12-05,"3250","1915","102","177","0","945.6","937.7","7.2","3","2.2","14","11.8","9.6","34.4583333333333"
"706",2016-12-06,"2050","1166","63","98","0","951.1","945.7","6.1","4","1.4","13.3","10.5","7.7","42.3333333333333"
"707",2016-12-07,"3417","1971","107","179","0","953.7","950","2.8","99","0.3","12.7","8.8","5","68.625"
"708",2016-12-08,"2068","1138","62","92","0","955.8","953.5","4.2","99","0.3","12.2","8.8","5.4","49.75"
"709",2016-12-09,"3004","1702","93","147","0","955.8","952.4","4.4","4","1.1","13","9.5","6","NA"
"710",2016-12-10,"2291","1260","71","85","0","952.7","949.5","4.2","21","0.8","13.7","10.8","7.8","54.7916666666667"
"711",2016-12-11,"2201","1223","64","180","0","949.4","946.6","4.4","5","0","13","8.8","4.6","50"
"712",2016-12-12,"3241","2030","111","261","0","947.2","944.8","2.5","24","0.3","10.2","7.2","4.2","81.0833333333333"
"713",2016-12-13,"3169","2114","126","265","0","947.2","945.4","2.5","7","0.6","9.9","6.6","3.4","62.8333333333333"
"714",2016-12-14,"3474","2160","135","245","5.8","954.4","941.8","4.4","3","0.8","9.8","8","6.2","57.8333333333333"
"715",2016-12-15,"3387","2162","130","238","3.8","945.2","940.6","4.7","8","0.8","10.3","8.8","7.2","52"
"716",2016-12-16,"3398","2157","134","180","2.8","946.1","937.5","9.7","5","1.7","9","8.2","7.3","45.2916666666667"
"717",2016-12-17,"2836","1613","101","91","0","952.6","945.9","14.2","5","4.7","12.6","10.4","8.2","23.9166666666667"
"718",2016-12-18,"2446","1399","100","108","0","952.6","945.7","11.4","4","3.6","11","8.2","5.4","21.6666666666667"
"719",2016-12-19,"3390","2137","119","235","0","944.1","936.7","13.1","3","1.9","10.4","6.8","3.1","45.125"
"720",2016-12-20,"3505","2146","127","229","0","945.6","939","4.7","4","0.3","10.1","5.8","1.4","NA"
"721",2016-12-21,"3531","2230","127","219","0","952.3","941.5","5.3","9","0.3","12","7.9","3.8","64.625"
"722",2016-12-22,"3539","2238","130","239","0","967.3","952.3","2.5","7","0.3","11.5","8","4.5","87.2083333333333"
"723",2016-12-23,"3224","2055","110","201","0","958.4","956.6","5","3","0","12.5","8.8","5.1","NA"
"724",2016-12-24,"2210","1222","62","70","0","960.2","957.4","6.4","2","1.7","13.2","8.8","4.5","41.3333333333333"
"725",2016-12-25,"1962","1078","57","65","0","957.9","953","5.6","4","0.6","11.4","7.2","3","45.7916666666667"
"726",2016-12-26,"1900","1107","58","134","0","954.7","951.5","3.3","5","0","13.2","7.6","2","NA"
"727",2016-12-27,"2997","1771","97","190","0","954.5","951.8","5.8","4","0.3","14.5","9.8","5","63.625"
"728",2016-12-28,"2921","1805","92","181","0","957","954.6","6.1","4","0.3","13.5","9","4.4","70.4166666666667"
"729",2016-12-29,"2666","1810","76","181","0","956.7","953.9","3.3","4","0","12.2","6.9","1.6","78.875"
"730",2016-12-30,"2863","1746","85","170","0","956.3","953.3","2.5","4","0.3","11.2","5","-1.2","81.9166666666667"
"731",2016-12-31,"1948","1143","50","86","0","954.4","951.5","2.8","4","0","3.3","0.4","-2.4","55.5833333333333"
